序号,目录,说明,图片路径,来源站点,待核原因,核实状态
1,"art","阿昌族民歌 · 配图","/images/art/achang-folk-songs-u.webp","来源待核","艺术专属封面；采集时的具体来源未记录在案，需核对。","unverified"
2,"art","阿昌族织锦 · 配图","/images/art/achang-weaving-u.webp","来源待核","艺术专属封面；采集时的具体来源未记录在案，需核对。","unverified"
3,"art","安昭舞 · 配图","/images/art/anzhao-dance-u.webp","来源待核","艺术专属封面；采集时的具体来源未记录在案，需核对。","unverified"
4,"art","艾德莱斯绸 · 配图","/images/art/atlas-silk-u.webp","来源待核","艺术专属封面；采集时的具体来源未记录在案，需核对。","unverified"
5,"art","白族大本曲 · 配图","/images/art/bai-dabenqu-u.webp","来源待核","艺术专属封面；采集时的具体来源未记录在案，需核对。","unverified"
6,"art","白剧 · 配图","/images/art/bai-opera-u.webp","来源待核","艺术专属封面；采集时的具体来源未记录在案，需核对。","unverified"
7,"art","白族扎染 · 配图","/images/art/bai-tie-dye-u.webp","来源待核","艺术专属封面；采集时的具体来源未记录在案，需核对。","unverified"
8,"art","摆手舞 · 配图","/images/art/baishou-hand-waving-dance-u.webp","来源待核","艺术专属封面；采集时的具体来源未记录在案，需核对。","unverified"
9,"art","打柴舞 · 配图","/images/art/bamboo-pole-dance-u.webp","来源待核","艺术专属封面；采集时的具体来源未记录在案，需核对。","unverified"
10,"art","布朗族蜂桶鼓舞 · 配图","/images/art/blang-beehive-drum-dance-u.webp","来源待核","艺术专属封面；采集时的具体来源未记录在案，需核对。","unverified"
11,"art","布朗族服饰 · 配图","/images/art/blang-costume-u.webp","来源待核","艺术专属封面；采集时的具体来源未记录在案，需核对。","unverified"
12,"art","布朗族弹唱 · 配图","/images/art/blang-plucking-songs-u.webp","来源待核","艺术专属封面；采集时的具体来源未记录在案，需核对。","unverified"
13,"art","保安族服饰 · 配图","/images/art/bonan-costume-u.webp","来源待核","艺术专属封面；采集时的具体来源未记录在案，需核对。","unverified"
14,"art","保安族花儿 · 配图","/images/art/bonan-hua-er-u.webp","来源待核","艺术专属封面；采集时的具体来源未记录在案，需核对。","unverified"
15,"art","保安族腰刀锻制技艺 · 配图","/images/art/bonan-knife-forging-u.webp","来源待核","艺术专属封面；采集时的具体来源未记录在案，需核对。","unverified"
16,"art","布依族蜡染 · 配图","/images/art/bouyei-batik-u.webp","来源待核","艺术专属封面；采集时的具体来源未记录在案，需核对。","unverified"
17,"art","布依族服饰 · 配图","/images/art/bouyei-costume-u.webp","来源待核","艺术专属封面；采集时的具体来源未记录在案，需核对。","unverified"
18,"art","布依八音坐唱 · 配图","/images/art/bouyei-eight-tone-music-u.webp","来源待核","艺术专属封面；采集时的具体来源未记录在案，需核对。","unverified"
19,"art","中国书法 · 配图","/images/art/chinese-calligraphy-u.webp","来源待核","艺术专属封面；采集时的具体来源未记录在案，需核对。","unverified"
20,"art","中国剪纸 · 配图","/images/art/chinese-paper-cutting-u.webp","来源待核","艺术专属封面；采集时的具体来源未记录在案，需核对。","unverified"
21,"art","傣族织锦 · 配图","/images/art/dai-brocade-u.webp","来源待核","艺术专属封面；采集时的具体来源未记录在案，需核对。","unverified"
22,"art","傣族象脚鼓舞 · 配图","/images/art/dai-elephant-foot-drum-dance-u.webp","来源待核","艺术专属封面；采集时的具体来源未记录在案，需核对。","unverified"
23,"art","傣族孔雀舞 · 配图","/images/art/dai-peacock-dance-u.webp","来源待核","艺术专属封面；采集时的具体来源未记录在案，需核对。","unverified"
24,"art","达斡尔族民歌 · 配图","/images/art/daur-folk-songs-u.webp","来源待核","艺术专属封面；采集时的具体来源未记录在案，需核对。","unverified"
25,"art","达斡尔族哈尼卡 · 配图","/images/art/daur-hanika-paper-figures-u.webp","来源待核","艺术专属封面；采集时的具体来源未记录在案，需核对。","unverified"
26,"art","德昂族服饰 · 配图","/images/art/de-ang-costume-u.webp","来源待核","艺术专属封面；采集时的具体来源未记录在案，需核对。","unverified"
27,"art","德昂族酸茶制作技艺 · 配图","/images/art/de-ang-sour-tea-making-u.webp","来源待核","艺术专属封面；采集时的具体来源未记录在案，需核对。","unverified"
28,"art","德昂族水鼓舞 · 配图","/images/art/de-ang-water-drum-dance-u.webp","来源待核","艺术专属封面；采集时的具体来源未记录在案，需核对。","unverified"
29,"art","独龙族民歌 · 配图","/images/art/derung-folk-songs-u.webp","来源待核","艺术专属封面；采集时的具体来源未记录在案，需核对。","unverified"
30,"art","独龙族纺织技艺 · 配图","/images/art/derung-weaving-u.webp","来源待核","艺术专属封面；采集时的具体来源未记录在案，需核对。","unverified"
31,"art","哈萨克族冬不拉艺术 · 配图","/images/art/dombra-art-u.webp","来源待核","艺术专属封面；采集时的具体来源未记录在案，需核对。","unverified"
32,"art","侗族大歌 · 配图","/images/art/dong-grand-chorus-u.webp","来源待核","艺术专属封面；采集时的具体来源未记录在案，需核对。","unverified"
33,"art","侗戏 · 配图","/images/art/dong-opera-u.webp","来源待核","艺术专属封面；采集时的具体来源未记录在案，需核对。","unverified"
34,"art","侗族木构建筑营造技艺 · 配图","/images/art/dong-timber-architecture-u.webp","来源待核","艺术专属封面；采集时的具体来源未记录在案，需核对。","unverified"
35,"art","东巴画 · 配图","/images/art/dongba-painting-u.webp","来源待核","艺术专属封面；采集时的具体来源未记录在案，需核对。","unverified"
36,"art","东巴纸制作技艺 · 配图","/images/art/dongba-paper-making-u.webp","来源待核","艺术专属封面；采集时的具体来源未记录在案，需核对。","unverified"
37,"art","东乡族服饰 · 配图","/images/art/dongxiang-costume-u.webp","来源待核","艺术专属封面；采集时的具体来源未记录在案，需核对。","unverified"
38,"art","东乡族擀毡技艺 · 配图","/images/art/dongxiang-felt-making-u.webp","来源待核","艺术专属封面；采集时的具体来源未记录在案，需核对。","unverified"
39,"art","东乡族花儿 · 配图","/images/art/dongxiang-hua-er-u.webp","来源待核","艺术专属封面；采集时的具体来源未记录在案，需核对。","unverified"
40,"art","鄂温克族桦树皮制作技艺 · 配图","/images/art/evenki-birch-bark-craft-u.webp","来源待核","艺术专属封面；采集时的具体来源未记录在案，需核对。","unverified"
41,"art","鄂温克族服饰 · 配图","/images/art/evenki-costume-u.webp","来源待核","艺术专属封面；采集时的具体来源未记录在案，需核对。","unverified"
42,"art","鄂温克族瑟宾节歌舞 · 配图","/images/art/evenki-sebin-dance-u.webp","来源待核","艺术专属封面；采集时的具体来源未记录在案，需核对。","unverified"
43,"art","高山族拉手舞 · 配图","/images/art/gaoshan-hand-holding-dance-u.webp","来源待核","艺术专属封面；采集时的具体来源未记录在案，需核对。","unverified"
44,"art","朝鲜族伽倻琴艺术 · 配图","/images/art/gayageum-art-u.webp","来源待核","艺术专属封面；采集时的具体来源未记录在案，需核对。","unverified"
45,"art","仡佬族民歌 · 配图","/images/art/gelao-folk-songs-u.webp","来源待核","艺术专属封面；采集时的具体来源未记录在案，需核对。","unverified"
46,"art","仡佬族傩戏 · 配图","/images/art/gelao-nuo-opera-u.webp","来源待核","艺术专属封面；采集时的具体来源未记录在案，需核对。","unverified"
47,"art","仡佬族三幺台 · 配图","/images/art/gelao-sanyaotai-feast-u.webp","来源待核","艺术专属封面；采集时的具体来源未记录在案，需核对。","unverified"
48,"art","格萨（斯）尔史诗 · 配图","/images/art/gesar-epic-u.webp","来源待核","艺术专属封面；采集时的具体来源未记录在案，需核对。","unverified"
49,"art","京族服饰 · 配图","/images/art/gin-costume-u.webp","来源待核","艺术专属封面；采集时的具体来源未记录在案，需核对。","unverified"
50,"art","京族独弦琴艺术 · 配图","/images/art/gin-dan-bao-single-string-zither-u.webp","来源待核","艺术专属封面；采集时的具体来源未记录在案，需核对。","unverified"
51,"art","京族哈节 · 配图","/images/art/gin-ha-festival-u.webp","来源待核","艺术专属封面；采集时的具体来源未记录在案，需核对。","unverified"
52,"art","哈尼族服饰 · 配图","/images/art/hani-costume-u.webp","来源待核","艺术专属封面；采集时的具体来源未记录在案，需核对。","unverified"
53,"art","哈尼族棕扇舞 · 配图","/images/art/hani-palm-fan-dance-u.webp","来源待核","艺术专属封面；采集时的具体来源未记录在案，需核对。","unverified"
54,"art","哈尼族多声部民歌 · 配图","/images/art/hani-polyphonic-folk-songs-u.webp","来源待核","艺术专属封面；采集时的具体来源未记录在案，需核对。","unverified"
55,"art","赫哲族鱼皮制作技艺 · 配图","/images/art/hezhen-fish-skin-craft-u.webp","来源待核","艺术专属封面；采集时的具体来源未记录在案，需核对。","unverified"
56,"art","赫哲族伊玛堪 · 配图","/images/art/hezhen-imakan-u.webp","来源待核","艺术专属封面；采集时的具体来源未记录在案，需核对。","unverified"
57,"art","赫哲族嫁令阔 · 配图","/images/art/hezhen-jialingkuo-folk-songs-u.webp","来源待核","艺术专属封面；采集时的具体来源未记录在案，需核对。","unverified"
58,"art","花儿 · 配图","/images/art/hua-er-u.webp","来源待核","艺术专属封面；采集时的具体来源未记录在案，需核对。","unverified"
59,"art","回族砖雕 · 配图","/images/art/hui-brick-carving-u.webp","来源待核","艺术专属封面；采集时的具体来源未记录在案，需核对。","unverified"
60,"art","回族服饰 · 配图","/images/art/hui-clothing-u.webp","来源待核","艺术专属封面；采集时的具体来源未记录在案，需核对。","unverified"
61,"art","阿昌族户撒刀锻制技艺 · 配图","/images/art/husai-knife-forging-u.webp","来源待核","艺术专属封面；采集时的具体来源未记录在案，需核对。","unverified"
62,"art","高山族织布 · 配图","/images/art/indigenous-weaving-u.webp","来源待核","艺术专属封面；采集时的具体来源未记录在案，需核对。","unverified"
63,"art","景颇族服饰 · 配图","/images/art/jingpo-costume-u.webp","来源待核","艺术专属封面；采集时的具体来源未记录在案，需核对。","unverified"
64,"art","景颇族织锦 · 配图","/images/art/jingpo-weaving-u.webp","来源待核","艺术专属封面；采集时的具体来源未记录在案，需核对。","unverified"
65,"art","基诺族大鼓舞 · 配图","/images/art/jino-big-drum-dance-u.webp","来源待核","艺术专属封面；采集时的具体来源未记录在案，需核对。","unverified"
66,"art","基诺族服饰 · 配图","/images/art/jino-costume-u.webp","来源待核","艺术专属封面；采集时的具体来源未记录在案，需核对。","unverified"
67,"art","哈萨克族阿依特斯 · 配图","/images/art/kazakh-aitys-song-contest-u.webp","来源待核","艺术专属封面；采集时的具体来源未记录在案，需核对。","unverified"
68,"art","哈萨克族服饰 · 配图","/images/art/kazakh-costume-u.webp","来源待核","艺术专属封面；采集时的具体来源未记录在案，需核对。","unverified"
69,"art","呼麦 · 配图","/images/art/khoomei-mongolian-throat-singing-u.webp","来源待核","艺术专属封面；采集时的具体来源未记录在案，需核对。","unverified"
70,"art","傈僳族刀杆节 · 配图","/images/art/knife-pole-festival-u.webp","来源待核","艺术专属封面；采集时的具体来源未记录在案，需核对。","unverified"
71,"art","库姆孜艺术 · 配图","/images/art/komuz-art-u.webp","来源待核","艺术专属封面；采集时的具体来源未记录在案，需核对。","unverified"
72,"art","柯尔克孜族刺绣 · 配图","/images/art/kyrgyz-embroidery-u.webp","来源待核","艺术专属封面；采集时的具体来源未记录在案，需核对。","unverified"
73,"art","拉祜族服饰 · 配图","/images/art/lahu-costume-u.webp","来源待核","艺术专属封面；采集时的具体来源未记录在案，需核对。","unverified"
74,"art","拉祜族史诗《牡帕密帕》 · 配图","/images/art/lahu-epic-mupamipa-u.webp","来源待核","艺术专属封面；采集时的具体来源未记录在案，需核对。","unverified"
75,"art","拉祜族芦笙舞 · 配图","/images/art/lahu-lusheng-dance-u.webp","来源待核","艺术专属封面；采集时的具体来源未记录在案，需核对。","unverified"
76,"art","珞巴族竹编 · 配图","/images/art/lhoba-bamboo-weaving-u.webp","来源待核","艺术专属封面；采集时的具体来源未记录在案，需核对。","unverified"
77,"art","珞巴族服饰 · 配图","/images/art/lhoba-costume-u.webp","来源待核","艺术专属封面；采集时的具体来源未记录在案，需核对。","unverified"
78,"art","黎族树皮布制作技艺 · 配图","/images/art/li-bark-cloth-making-u.webp","来源待核","艺术专属封面；采集时的具体来源未记录在案，需核对。","unverified"
79,"art","黎族传统纺染织绣技艺 · 配图","/images/art/li-textile-techniques-u.webp","来源待核","艺术专属封面；采集时的具体来源未记录在案，需核对。","unverified"
80,"art","傈僳族服饰 · 配图","/images/art/lisu-costume-u.webp","来源待核","艺术专属封面；采集时的具体来源未记录在案，需核对。","unverified"
81,"art","傈僳族民歌 · 配图","/images/art/lisu-folk-songs-u.webp","来源待核","艺术专属封面；采集时的具体来源未记录在案，需核对。","unverified"
82,"art","朝鲜族长鼓舞 · 配图","/images/art/long-drum-dance-u.webp","来源待核","艺术专属封面；采集时的具体来源未记录在案，需核对。","unverified"
83,"art","达斡尔族鲁日格勒 · 配图","/images/art/lurigele-dance-u.webp","来源待核","艺术专属封面；采集时的具体来源未记录在案，需核对。","unverified"
84,"art","芦笙舞 · 配图","/images/art/lusheng-dance-u.webp","来源待核","艺术专属封面；采集时的具体来源未记录在案，需核对。","unverified"
85,"art","柯尔克孜族史诗《玛纳斯》 · 配图","/images/art/manas-epic-u.webp","来源待核","艺术专属封面；采集时的具体来源未记录在案，需核对。","unverified"
86,"art","满族剪纸 · 配图","/images/art/manchu-paper-cutting-u.webp","来源待核","艺术专属封面；采集时的具体来源未记录在案，需核对。","unverified"
87,"art","满族说部 · 配图","/images/art/manchu-storytelling-u.webp","来源待核","艺术专属封面；采集时的具体来源未记录在案，需核对。","unverified"
88,"art","毛南族花竹帽 · 配图","/images/art/maonan-bamboo-hat-u.webp","来源待核","艺术专属封面；采集时的具体来源未记录在案，需核对。","unverified"
89,"art","毛南族肥套 · 配图","/images/art/maonan-feitao-thanksgiving-ritual-u.webp","来源待核","艺术专属封面；采集时的具体来源未记录在案，需核对。","unverified"
90,"art","毛南族傩戏 · 配图","/images/art/maonan-nuo-opera-u.webp","来源待核","艺术专属封面；采集时的具体来源未记录在案，需核对。","unverified"
91,"art","维吾尔族麦西热甫 · 配图","/images/art/meshrep-u.webp","来源待核","艺术专属封面；采集时的具体来源未记录在案，需核对。","unverified"
92,"art","苗绣 · 配图","/images/art/miao-embroidery-u.webp","来源待核","艺术专属封面；采集时的具体来源未记录在案，需核对。","unverified"
93,"art","苗族银饰锻制技艺 · 配图","/images/art/miao-silver-ornament-forging-u.webp","来源待核","艺术专属封面；采集时的具体来源未记录在案，需核对。","unverified"
94,"art","门巴族服饰 · 配图","/images/art/monpa-costume-u.webp","来源待核","艺术专属封面；采集时的具体来源未记录在案，需核对。","unverified"
95,"art","门巴族民歌 · 配图","/images/art/monpa-folk-songs-u.webp","来源待核","艺术专属封面；采集时的具体来源未记录在案，需核对。","unverified"
96,"art","门巴族木碗制作技艺 · 配图","/images/art/monpa-wooden-bowl-craft-u.webp","来源待核","艺术专属封面；采集时的具体来源未记录在案，需核对。","unverified"
97,"art","马头琴 · 配图","/images/art/morin-khuur-u.webp","来源待核","艺术专属封面；采集时的具体来源未记录在案，需核对。","unverified"
98,"art","仫佬族古歌 · 配图","/images/art/mulao-ancient-songs-u.webp","来源待核","艺术专属封面；采集时的具体来源未记录在案，需核对。","unverified"
99,"art","仫佬族依饭节师公舞 · 配图","/images/art/mulao-shigong-dance-u.webp","来源待核","艺术专属封面；采集时的具体来源未记录在案，需核对。","unverified"
100,"art","仫佬族走坡歌 · 配图","/images/art/mulao-zoupo-songs-u.webp","来源待核","艺术专属封面；采集时的具体来源未记录在案，需核对。","unverified"
101,"art","目瑙纵歌 · 配图","/images/art/munao-zongge-u.webp","来源待核","艺术专属封面；采集时的具体来源未记录在案，需核对。","unverified"
102,"art","纳西古乐 · 配图","/images/art/naxi-ancient-music-u.webp","来源待核","艺术专属封面；采集时的具体来源未记录在案，需核对。","unverified"
103,"art","朝鲜族农乐舞 · 配图","/images/art/nongak-farmers-dance-u.webp","来源待核","艺术专属封面；采集时的具体来源未记录在案，需核对。","unverified"
104,"art","怒族服饰 · 配图","/images/art/nu-costume-u.webp","来源待核","艺术专属封面；采集时的具体来源未记录在案，需核对。","unverified"
105,"art","怒族达比亚舞 · 配图","/images/art/nu-dapia-dance-u.webp","来源待核","艺术专属封面；采集时的具体来源未记录在案，需核对。","unverified"
106,"art","怒族民歌 · 配图","/images/art/nu-folk-songs-u.webp","来源待核","艺术专属封面；采集时的具体来源未记录在案，需核对。","unverified"
107,"art","鄂伦春族狍皮制作技艺 · 配图","/images/art/oroqen-roe-skin-craft-u.webp","来源待核","艺术专属封面；采集时的具体来源未记录在案，需核对。","unverified"
108,"art","鄂伦春族民歌（赞达仁） · 配图","/images/art/oroqen-zandaren-u.webp","来源待核","艺术专属封面；采集时的具体来源未记录在案，需核对。","unverified"
109,"art","京剧 · 配图","/images/art/peking-opera-u.webp","来源待核","艺术专属封面；采集时的具体来源未记录在案，需核对。","unverified"
110,"art","高山族杵舞 · 配图","/images/art/pestle-dance-u.webp","来源待核","艺术专属封面；采集时的具体来源未记录在案，需核对。","unverified"
111,"art","普米族服饰 · 配图","/images/art/pumi-costume-u.webp","来源待核","艺术专属封面；采集时的具体来源未记录在案，需核对。","unverified"
112,"art","普米族搓蹉舞 · 配图","/images/art/pumi-cuocuo-dance-u.webp","来源待核","艺术专属封面；采集时的具体来源未记录在案，需核对。","unverified"
113,"art","普米族四弦舞 · 配图","/images/art/pumi-four-string-dance-u.webp","来源待核","艺术专属封面；采集时的具体来源未记录在案，需核对。","unverified"
114,"art","羌族刺绣 · 配图","/images/art/qiang-embroidery-u.webp","来源待核","艺术专属封面；采集时的具体来源未记录在案，需核对。","unverified"
115,"art","羌笛 · 配图","/images/art/qiang-flute-u.webp","来源待核","艺术专属封面；采集时的具体来源未记录在案，需核对。","unverified"
116,"art","羌族碉楼营造技艺 · 配图","/images/art/qiang-watchtower-construction-u.webp","来源待核","艺术专属封面；采集时的具体来源未记录在案，需核对。","unverified"
117,"art","旗袍 · 配图","/images/art/qipao-u.webp","来源待核","艺术专属封面；采集时的具体来源未记录在案，需核对。","unverified"
118,"art","俄罗斯族面包制作技艺 · 配图","/images/art/russian-bread-making-u.webp","来源待核","艺术专属封面；采集时的具体来源未记录在案，需核对。","unverified"
119,"art","俄罗斯族服饰 · 配图","/images/art/russian-costume-u.webp","来源待核","艺术专属封面；采集时的具体来源未记录在案，需核对。","unverified"
120,"art","俄罗斯族民歌 · 配图","/images/art/russian-folk-songs-u.webp","来源待核","艺术专属封面；采集时的具体来源未记录在案，需核对。","unverified"
121,"art","撒拉族服饰 · 配图","/images/art/salar-costume-u.webp","来源待核","艺术专属封面；采集时的具体来源未记录在案，需核对。","unverified"
122,"art","撒拉族刺绣 · 配图","/images/art/salar-embroidery-u.webp","来源待核","艺术专属封面；采集时的具体来源未记录在案，需核对。","unverified"
123,"art","撒拉族篱笆楼营造技艺 · 配图","/images/art/salar-fence-house-construction-u.webp","来源待核","艺术专属封面；采集时的具体来源未记录在案，需核对。","unverified"
124,"art","畲族医药 · 配图","/images/art/she-medicine-u.webp","来源待核","艺术专属封面；采集时的具体来源未记录在案，需核对。","unverified"
125,"art","畲族山歌 · 配图","/images/art/she-mountain-songs-u.webp","来源待核","艺术专属封面；采集时的具体来源未记录在案，需核对。","unverified"
126,"art","畲族凤凰装 · 配图","/images/art/she-phoenix-costume-u.webp","来源待核","艺术专属封面；采集时的具体来源未记录在案，需核对。","unverified"
127,"art","水书习俗 · 配图","/images/art/shuishu-customs-u.webp","来源待核","艺术专属封面；采集时的具体来源未记录在案，需核对。","unverified"
128,"art","水族马尾绣 · 配图","/images/art/sui-horsetail-embroidery-u.webp","来源待核","艺术专属封面；采集时的具体来源未记录在案，需核对。","unverified"
129,"art","水族剪纸 · 配图","/images/art/sui-paper-cutting-u.webp","来源待核","艺术专属封面；采集时的具体来源未记录在案，需核对。","unverified"
130,"art","塔吉克族鹰笛 · 配图","/images/art/tajik-eagle-bone-flute-u.webp","来源待核","艺术专属封面；采集时的具体来源未记录在案，需核对。","unverified"
131,"art","塔吉克族鹰舞 · 配图","/images/art/tajik-eagle-dance-u.webp","来源待核","艺术专属封面；采集时的具体来源未记录在案，需核对。","unverified"
132,"art","塔吉克族民歌 · 配图","/images/art/tajik-folk-songs-u.webp","来源待核","艺术专属封面；采集时的具体来源未记录在案，需核对。","unverified"
133,"art","塔塔尔族服饰 · 配图","/images/art/tatar-costume-u.webp","来源待核","艺术专属封面；采集时的具体来源未记录在案，需核对。","unverified"
134,"art","塔塔尔族民歌 · 配图","/images/art/tatar-folk-songs-u.webp","来源待核","艺术专属封面；采集时的具体来源未记录在案，需核对。","unverified"
135,"art","塔塔尔族糕点制作技艺 · 配图","/images/art/tatar-pastry-making-u.webp","来源待核","艺术专属封面；采集时的具体来源未记录在案，需核对。","unverified"
136,"art","唐卡 · 配图","/images/art/thangka-u.webp","来源待核","艺术专属封面；采集时的具体来源未记录在案，需核对。","unverified"
137,"art","藏戏 · 配图","/images/art/tibetan-opera-u.webp","来源待核","艺术专属封面；采集时的具体来源未记录在案，需核对。","unverified"
138,"art","火把节歌舞 · 配图","/images/art/torch-festival-songs-and-dances-u.webp","来源待核","艺术专属封面；采集时的具体来源未记录在案，需核对。","unverified"
139,"art","土族盘绣 · 配图","/images/art/tu-coil-embroidery-u.webp","来源待核","艺术专属封面；采集时的具体来源未记录在案，需核对。","unverified"
140,"art","土族轮子秋 · 配图","/images/art/tu-wheel-swing-u.webp","来源待核","艺术专属封面；采集时的具体来源未记录在案，需核对。","unverified"
141,"art","土家族打溜子 · 配图","/images/art/tujia-daliuzi-percussion-ensemble-u.webp","来源待核","艺术专属封面；采集时的具体来源未记录在案，需核对。","unverified"
142,"art","十二木卡姆 · 配图","/images/art/twelve-muqam-u.webp","来源待核","艺术专属封面；采集时的具体来源未记录在案，需核对。","unverified"
143,"art","蒙古族长调 · 配图","/images/art/urtiin-duu-mongolian-long-song-u.webp","来源待核","艺术专属封面；采集时的具体来源未记录在案，需核对。","unverified"
144,"art","乌孜别克族艾特莱斯绸 · 配图","/images/art/uzbek-atlas-silk-u.webp","来源待核","艺术专属封面；采集时的具体来源未记录在案，需核对。","unverified"
145,"art","乌孜别克族刺绣 · 配图","/images/art/uzbek-embroidery-u.webp","来源待核","艺术专属封面；采集时的具体来源未记录在案，需核对。","unverified"
146,"art","乌孜别克族赛乃姆 · 配图","/images/art/uzbek-sainaimu-u.webp","来源待核","艺术专属封面；采集时的具体来源未记录在案，需核对。","unverified"
147,"art","佤族民歌 · 配图","/images/art/wa-folk-songs-u.webp","来源待核","艺术专属封面；采集时的具体来源未记录在案，需核对。","unverified"
148,"art","佤族织锦 · 配图","/images/art/wa-weaving-u.webp","来源待核","艺术专属封面；采集时的具体来源未记录在案，需核对。","unverified"
149,"art","佤族木鼓舞 · 配图","/images/art/wa-wooden-drum-dance-u.webp","来源待核","艺术专属封面；采集时的具体来源未记录在案，需核对。","unverified"
150,"art","锡伯族贝伦舞 · 配图","/images/art/xibe-beilun-dance-u.webp","来源待核","艺术专属封面；采集时的具体来源未记录在案，需核对。","unverified"
151,"art","锡伯族弓箭制作技艺 · 配图","/images/art/xibe-bow-making-u.webp","来源待核","艺术专属封面；采集时的具体来源未记录在案，需核对。","unverified"
152,"art","锡伯族民歌 · 配图","/images/art/xibe-folk-songs-u.webp","来源待核","艺术专属封面；采集时的具体来源未记录在案，需核对。","unverified"
153,"art","西兰卡普 · 配图","/images/art/xilankapu-brocade-u.webp","来源待核","艺术专属封面；采集时的具体来源未记录在案，需核对。","unverified"
154,"art","瑶族服饰 · 配图","/images/art/yao-costume-u.webp","来源待核","艺术专属封面；采集时的具体来源未记录在案，需核对。","unverified"
155,"art","瑶族刺绣 · 配图","/images/art/yao-embroidery-u.webp","来源待核","艺术专属封面；采集时的具体来源未记录在案，需核对。","unverified"
156,"art","瑶族长鼓舞 · 配图","/images/art/yao-long-drum-dance-u.webp","来源待核","艺术专属封面；采集时的具体来源未记录在案，需核对。","unverified"
157,"art","彝族刺绣 · 配图","/images/art/yi-embroidery-u.webp","来源待核","艺术专属封面；采集时的具体来源未记录在案，需核对。","unverified"
158,"art","彝族漆器 · 配图","/images/art/yi-lacquerware-u.webp","来源待核","艺术专属封面；采集时的具体来源未记录在案，需核对。","unverified"
159,"art","裕固族服饰 · 配图","/images/art/yugur-costume-u.webp","来源待核","艺术专属封面；采集时的具体来源未记录在案，需核对。","unverified"
160,"art","裕固族刺绣 · 配图","/images/art/yugur-embroidery-u.webp","来源待核","艺术专属封面；采集时的具体来源未记录在案，需核对。","unverified"
161,"art","裕固族民歌 · 配图","/images/art/yugur-folk-songs-u.webp","来源待核","艺术专属封面；采集时的具体来源未记录在案，需核对。","unverified"
162,"art","壮锦 · 配图","/images/art/zhuang-brocade-u.webp","来源待核","艺术专属封面；采集时的具体来源未记录在案，需核对。","unverified"
163,"art","壮族铜鼓习俗 · 配图","/images/art/zhuang-bronze-drum-customs-u.webp","来源待核","艺术专属封面；采集时的具体来源未记录在案，需核对。","unverified"
164,"art","壮族山歌 · 配图","/images/art/zhuang-folk-songs-u.webp","来源待核","艺术专属封面；采集时的具体来源未记录在案，需核对。","unverified"
165,"ethnic","阿昌族 · 配图","/images/ethnic/achang/cover.webp","Wikimedia Commons（待核）","原采集自 Wikimedia Commons 民族分类（自由许可），但原始文件名与许可信息已丢失，需用反向图片搜索逐张核对来源页。","unverified"
166,"ethnic","cover2","/images/ethnic/achang/cover2.webp","Wikimedia Commons（待核）","原采集自 Wikimedia Commons 民族分类（自由许可），但原始文件名与许可信息已丢失，需用反向图片搜索逐张核对来源页。","unverified"
167,"ethnic","白族、蝴蝶会 等 · 配图","/images/ethnic/bai/cover.webp","Wikimedia Commons（待核）","原采集自 Wikimedia Commons 民族分类（自由许可），但原始文件名与许可信息已丢失，需用反向图片搜索逐张核对来源页。","unverified"
168,"ethnic","cover2","/images/ethnic/bai/cover2.webp","Wikimedia Commons（待核）","原采集自 Wikimedia Commons 民族分类（自由许可），但原始文件名与许可信息已丢失，需用反向图片搜索逐张核对来源页。","unverified"
169,"ethnic","保安族 · 配图","/images/ethnic/baoan/cover.webp","Wikimedia Commons（待核）","原采集自 Wikimedia Commons 民族分类（自由许可），但原始文件名与许可信息已丢失，需用反向图片搜索逐张核对来源页。","unverified"
170,"ethnic","布朗族 · 配图","/images/ethnic/bulang/cover.webp","Wikimedia Commons（待核）","原采集自 Wikimedia Commons 民族分类（自由许可），但原始文件名与许可信息已丢失，需用反向图片搜索逐张核对来源页。","unverified"
171,"ethnic","cover2","/images/ethnic/bulang/cover2.webp","Wikimedia Commons（待核）","原采集自 Wikimedia Commons 民族分类（自由许可），但原始文件名与许可信息已丢失，需用反向图片搜索逐张核对来源页。","unverified"
172,"ethnic","布依族、牛王节 等 · 配图","/images/ethnic/buyi/cover.webp","Wikimedia Commons（待核）","原采集自 Wikimedia Commons 民族分类（自由许可），但原始文件名与许可信息已丢失，需用反向图片搜索逐张核对来源页。","unverified"
173,"ethnic","cover2","/images/ethnic/buyi/cover2.webp","Wikimedia Commons（待核）","原采集自 Wikimedia Commons 民族分类（自由许可），但原始文件名与许可信息已丢失，需用反向图片搜索逐张核对来源页。","unverified"
174,"ethnic","朝鲜族、端午节 等 · 配图","/images/ethnic/chaoxian/cover.webp","Wikimedia Commons（待核）","原采集自 Wikimedia Commons 民族分类（自由许可），但原始文件名与许可信息已丢失，需用反向图片搜索逐张核对来源页。","unverified"
175,"ethnic","cover2","/images/ethnic/chaoxian/cover2.webp","Wikimedia Commons（待核）","原采集自 Wikimedia Commons 民族分类（自由许可），但原始文件名与许可信息已丢失，需用反向图片搜索逐张核对来源页。","unverified"
176,"ethnic","傣族、赶摆 等 · 配图","/images/ethnic/dai/cover.webp","Wikimedia Commons（待核）","原采集自 Wikimedia Commons 民族分类（自由许可），但原始文件名与许可信息已丢失，需用反向图片搜索逐张核对来源页。","unverified"
177,"ethnic","cover2","/images/ethnic/dai/cover2.webp","Wikimedia Commons（待核）","原采集自 Wikimedia Commons 民族分类（自由许可），但原始文件名与许可信息已丢失，需用反向图片搜索逐张核对来源页。","unverified"
178,"ethnic","达斡尔族 · 配图","/images/ethnic/dawoer/cover.webp","Wikimedia Commons（待核）","原采集自 Wikimedia Commons 民族分类（自由许可），但原始文件名与许可信息已丢失，需用反向图片搜索逐张核对来源页。","unverified"
179,"ethnic","cover2","/images/ethnic/dawoer/cover2.webp","Wikimedia Commons（待核）","原采集自 Wikimedia Commons 民族分类（自由许可），但原始文件名与许可信息已丢失，需用反向图片搜索逐张核对来源页。","unverified"
180,"ethnic","德昂族 · 配图","/images/ethnic/deang/cover.webp","Wikimedia Commons（待核）","原采集自 Wikimedia Commons 民族分类（自由许可），但原始文件名与许可信息已丢失，需用反向图片搜索逐张核对来源页。","unverified"
181,"ethnic","cover2","/images/ethnic/deang/cover2.webp","Wikimedia Commons（待核）","原采集自 Wikimedia Commons 民族分类（自由许可），但原始文件名与许可信息已丢失，需用反向图片搜索逐张核对来源页。","unverified"
182,"ethnic","侗族、吃新节 等 · 配图","/images/ethnic/dong/cover.webp","Wikimedia Commons（待核）","原采集自 Wikimedia Commons 民族分类（自由许可），但原始文件名与许可信息已丢失，需用反向图片搜索逐张核对来源页。","unverified"
183,"ethnic","cover2","/images/ethnic/dong/cover2.webp","Wikimedia Commons（待核）","原采集自 Wikimedia Commons 民族分类（自由许可），但原始文件名与许可信息已丢失，需用反向图片搜索逐张核对来源页。","unverified"
184,"ethnic","东乡族 · 配图","/images/ethnic/dongxiang/cover.webp","Wikimedia Commons（待核）","原采集自 Wikimedia Commons 民族分类（自由许可），但原始文件名与许可信息已丢失，需用反向图片搜索逐张核对来源页。","unverified"
185,"ethnic","cover2","/images/ethnic/dongxiang/cover2.webp","Wikimedia Commons（待核）","原采集自 Wikimedia Commons 民族分类（自由许可），但原始文件名与许可信息已丢失，需用反向图片搜索逐张核对来源页。","unverified"
186,"ethnic","独龙族、祭山神 等 · 配图","/images/ethnic/dulong/cover.webp","Wikimedia Commons（待核）","原采集自 Wikimedia Commons 民族分类（自由许可），但原始文件名与许可信息已丢失，需用反向图片搜索逐张核对来源页。","unverified"
187,"ethnic","cover2","/images/ethnic/dulong/cover2.webp","Wikimedia Commons（待核）","原采集自 Wikimedia Commons 民族分类（自由许可），但原始文件名与许可信息已丢失，需用反向图片搜索逐张核对来源页。","unverified"
188,"ethnic","鄂伦春族、古伦木沓节 等 · 配图","/images/ethnic/elunchun/cover.webp","Wikimedia Commons（待核）","原采集自 Wikimedia Commons 民族分类（自由许可），但原始文件名与许可信息已丢失，需用反向图片搜索逐张核对来源页。","unverified"
189,"ethnic","cover2","/images/ethnic/elunchun/cover2.webp","Wikimedia Commons（待核）","原采集自 Wikimedia Commons 民族分类（自由许可），但原始文件名与许可信息已丢失，需用反向图片搜索逐张核对来源页。","unverified"
190,"ethnic","俄罗斯族 · 配图","/images/ethnic/eluosi/cover.webp","Wikimedia Commons（待核）","原采集自 Wikimedia Commons 民族分类（自由许可），但原始文件名与许可信息已丢失，需用反向图片搜索逐张核对来源页。","unverified"
191,"ethnic","cover2","/images/ethnic/eluosi/cover2.webp","Wikimedia Commons（待核）","原采集自 Wikimedia Commons 民族分类（自由许可），但原始文件名与许可信息已丢失，需用反向图片搜索逐张核对来源页。","unverified"
192,"ethnic","鄂温克族 · 配图","/images/ethnic/ewenke/cover.webp","Wikimedia Commons（待核）","原采集自 Wikimedia Commons 民族分类（自由许可），但原始文件名与许可信息已丢失，需用反向图片搜索逐张核对来源页。","unverified"
193,"ethnic","cover2","/images/ethnic/ewenke/cover2.webp","Wikimedia Commons（待核）","原采集自 Wikimedia Commons 民族分类（自由许可），但原始文件名与许可信息已丢失，需用反向图片搜索逐张核对来源页。","unverified"
194,"ethnic","高山族、矮灵祭 等 · 配图","/images/ethnic/gaoshan/cover.webp","Wikimedia Commons（待核）","原采集自 Wikimedia Commons 民族分类（自由许可），但原始文件名与许可信息已丢失，需用反向图片搜索逐张核对来源页。","unverified"
195,"ethnic","cover2","/images/ethnic/gaoshan/cover2.webp","Wikimedia Commons（待核）","原采集自 Wikimedia Commons 民族分类（自由许可），但原始文件名与许可信息已丢失，需用反向图片搜索逐张核对来源页。","unverified"
196,"ethnic","仡佬族 · 配图","/images/ethnic/gelaolao/cover.webp","Wikimedia Commons（待核）","原采集自 Wikimedia Commons 民族分类（自由许可），但原始文件名与许可信息已丢失，需用反向图片搜索逐张核对来源页。","unverified"
197,"ethnic","汉族、清明节 等 · 配图","/images/ethnic/han/cover.webp","Wikimedia Commons（待核）","原采集自 Wikimedia Commons 民族分类（自由许可），但原始文件名与许可信息已丢失，需用反向图片搜索逐张核对来源页。","unverified"
198,"ethnic","cover2","/images/ethnic/han/cover2.webp","Wikimedia Commons（待核）","原采集自 Wikimedia Commons 民族分类（自由许可），但原始文件名与许可信息已丢失，需用反向图片搜索逐张核对来源页。","unverified"
199,"ethnic","哈尼族、新米节 等 · 配图","/images/ethnic/hani/cover.webp","Wikimedia Commons（待核）","原采集自 Wikimedia Commons 民族分类（自由许可），但原始文件名与许可信息已丢失，需用反向图片搜索逐张核对来源页。","unverified"
200,"ethnic","cover2","/images/ethnic/hani/cover2.webp","Wikimedia Commons（待核）","原采集自 Wikimedia Commons 民族分类（自由许可），但原始文件名与许可信息已丢失，需用反向图片搜索逐张核对来源页。","unverified"
201,"ethnic","哈萨克族 · 配图","/images/ethnic/hasake/cover.webp","Wikimedia Commons（待核）","原采集自 Wikimedia Commons 民族分类（自由许可），但原始文件名与许可信息已丢失，需用反向图片搜索逐张核对来源页。","unverified"
202,"ethnic","cover2","/images/ethnic/hasake/cover2.webp","Wikimedia Commons（待核）","原采集自 Wikimedia Commons 民族分类（自由许可），但原始文件名与许可信息已丢失，需用反向图片搜索逐张核对来源页。","unverified"
203,"ethnic","赫哲族 · 配图","/images/ethnic/hezhe/cover.webp","Wikimedia Commons（待核）","原采集自 Wikimedia Commons 民族分类（自由许可），但原始文件名与许可信息已丢失，需用反向图片搜索逐张核对来源页。","unverified"
204,"ethnic","cover2","/images/ethnic/hezhe/cover2.webp","Wikimedia Commons（待核）","原采集自 Wikimedia Commons 民族分类（自由许可），但原始文件名与许可信息已丢失，需用反向图片搜索逐张核对来源页。","unverified"
205,"ethnic","回族、盖德尔夜 等 · 配图","/images/ethnic/hui/cover.webp","Wikimedia Commons（待核）","原采集自 Wikimedia Commons 民族分类（自由许可），但原始文件名与许可信息已丢失，需用反向图片搜索逐张核对来源页。","unverified"
206,"ethnic","cover2","/images/ethnic/hui/cover2.webp","Wikimedia Commons（待核）","原采集自 Wikimedia Commons 民族分类（自由许可），但原始文件名与许可信息已丢失，需用反向图片搜索逐张核对来源页。","unverified"
207,"ethnic","京族 · 配图","/images/ethnic/jing/cover.webp","Wikimedia Commons（待核）","原采集自 Wikimedia Commons 民族分类（自由许可），但原始文件名与许可信息已丢失，需用反向图片搜索逐张核对来源页。","unverified"
208,"ethnic","cover2","/images/ethnic/jing/cover2.webp","Wikimedia Commons（待核）","原采集自 Wikimedia Commons 民族分类（自由许可），但原始文件名与许可信息已丢失，需用反向图片搜索逐张核对来源页。","unverified"
209,"ethnic","景颇族 · 配图","/images/ethnic/jingpo/cover.webp","Wikimedia Commons（待核）","原采集自 Wikimedia Commons 民族分类（自由许可），但原始文件名与许可信息已丢失，需用反向图片搜索逐张核对来源页。","unverified"
210,"ethnic","cover2","/images/ethnic/jingpo/cover2.webp","Wikimedia Commons（待核）","原采集自 Wikimedia Commons 民族分类（自由许可），但原始文件名与许可信息已丢失，需用反向图片搜索逐张核对来源页。","unverified"
211,"ethnic","基诺族 · 配图","/images/ethnic/jinuo/cover.webp","Wikimedia Commons（待核）","原采集自 Wikimedia Commons 民族分类（自由许可），但原始文件名与许可信息已丢失，需用反向图片搜索逐张核对来源页。","unverified"
212,"ethnic","cover2","/images/ethnic/jinuo/cover2.webp","Wikimedia Commons（待核）","原采集自 Wikimedia Commons 民族分类（自由许可），但原始文件名与许可信息已丢失，需用反向图片搜索逐张核对来源页。","unverified"
213,"ethnic","柯尔克孜族 · 配图","/images/ethnic/keerkezi/cover.webp","Wikimedia Commons（待核）","原采集自 Wikimedia Commons 民族分类（自由许可），但原始文件名与许可信息已丢失，需用反向图片搜索逐张核对来源页。","unverified"
214,"ethnic","cover2","/images/ethnic/keerkezi/cover2.webp","Wikimedia Commons（待核）","原采集自 Wikimedia Commons 民族分类（自由许可），但原始文件名与许可信息已丢失，需用反向图片搜索逐张核对来源页。","unverified"
215,"ethnic","拉祜族 · 配图","/images/ethnic/lahu/cover.webp","Wikimedia Commons（待核）","原采集自 Wikimedia Commons 民族分类（自由许可），但原始文件名与许可信息已丢失，需用反向图片搜索逐张核对来源页。","unverified"
216,"ethnic","cover2","/images/ethnic/lahu/cover2.webp","Wikimedia Commons（待核）","原采集自 Wikimedia Commons 民族分类（自由许可），但原始文件名与许可信息已丢失，需用反向图片搜索逐张核对来源页。","unverified"
217,"ethnic","黎族、牛节 等 · 配图","/images/ethnic/li/cover.webp","Wikimedia Commons（待核）","原采集自 Wikimedia Commons 民族分类（自由许可），但原始文件名与许可信息已丢失，需用反向图片搜索逐张核对来源页。","unverified"
218,"ethnic","cover2","/images/ethnic/li/cover2.webp","Wikimedia Commons（待核）","原采集自 Wikimedia Commons 民族分类（自由许可），但原始文件名与许可信息已丢失，需用反向图片搜索逐张核对来源页。","unverified"
219,"ethnic","傈僳族 · 配图","/images/ethnic/lisu/cover.webp","Wikimedia Commons（待核）","原采集自 Wikimedia Commons 民族分类（自由许可），但原始文件名与许可信息已丢失，需用反向图片搜索逐张核对来源页。","unverified"
220,"ethnic","cover2","/images/ethnic/lisu/cover2.webp","Wikimedia Commons（待核）","原采集自 Wikimedia Commons 民族分类（自由许可），但原始文件名与许可信息已丢失，需用反向图片搜索逐张核对来源页。","unverified"
221,"ethnic","珞巴族 · 配图","/images/ethnic/luoba/cover.webp","Wikimedia Commons（待核）","原采集自 Wikimedia Commons 民族分类（自由许可），但原始文件名与许可信息已丢失，需用反向图片搜索逐张核对来源页。","unverified"
222,"ethnic","满族、中元节 等 · 配图","/images/ethnic/manchu/cover.webp","Wikimedia Commons（待核）","原采集自 Wikimedia Commons 民族分类（自由许可），但原始文件名与许可信息已丢失，需用反向图片搜索逐张核对来源页。","unverified"
223,"ethnic","cover2","/images/ethnic/manchu/cover2.webp","Wikimedia Commons（待核）","原采集自 Wikimedia Commons 民族分类（自由许可），但原始文件名与许可信息已丢失，需用反向图片搜索逐张核对来源页。","unverified"
224,"ethnic","毛南族 · 配图","/images/ethnic/maonan/cover.webp","Wikimedia Commons（待核）","原采集自 Wikimedia Commons 民族分类（自由许可），但原始文件名与许可信息已丢失，需用反向图片搜索逐张核对来源页。","unverified"
225,"ethnic","cover2","/images/ethnic/maonan/cover2.webp","Wikimedia Commons（待核）","原采集自 Wikimedia Commons 民族分类（自由许可），但原始文件名与许可信息已丢失，需用反向图片搜索逐张核对来源页。","unverified"
226,"ethnic","门巴族 · 配图","/images/ethnic/menba/cover.webp","Wikimedia Commons（待核）","原采集自 Wikimedia Commons 民族分类（自由许可），但原始文件名与许可信息已丢失，需用反向图片搜索逐张核对来源页。","unverified"
227,"ethnic","cover2","/images/ethnic/menba/cover2.webp","Wikimedia Commons（待核）","原采集自 Wikimedia Commons 民族分类（自由许可），但原始文件名与许可信息已丢失，需用反向图片搜索逐张核对来源页。","unverified"
228,"ethnic","苗族、芦笙节 等 · 配图","/images/ethnic/miao/cover.webp","Wikimedia Commons（待核）","原采集自 Wikimedia Commons 民族分类（自由许可），但原始文件名与许可信息已丢失，需用反向图片搜索逐张核对来源页。","unverified"
229,"ethnic","cover2","/images/ethnic/miao/cover2.webp","Wikimedia Commons（待核）","原采集自 Wikimedia Commons 民族分类（自由许可），但原始文件名与许可信息已丢失，需用反向图片搜索逐张核对来源页。","unverified"
230,"ethnic","蒙古族、白节 等 · 配图","/images/ethnic/mongolian/cover.webp","Wikimedia Commons（待核）","原采集自 Wikimedia Commons 民族分类（自由许可），但原始文件名与许可信息已丢失，需用反向图片搜索逐张核对来源页。","unverified"
231,"ethnic","cover2","/images/ethnic/mongolian/cover2.webp","Wikimedia Commons（待核）","原采集自 Wikimedia Commons 民族分类（自由许可），但原始文件名与许可信息已丢失，需用反向图片搜索逐张核对来源页。","unverified"
232,"ethnic","仫佬族、依饭还愿 等 · 配图","/images/ethnic/mulao/cover.webp","Wikimedia Commons（待核）","原采集自 Wikimedia Commons 民族分类（自由许可），但原始文件名与许可信息已丢失，需用反向图片搜索逐张核对来源页。","unverified"
233,"ethnic","cover2","/images/ethnic/mulao/cover2.webp","Wikimedia Commons（待核）","原采集自 Wikimedia Commons 民族分类（自由许可），但原始文件名与许可信息已丢失，需用反向图片搜索逐张核对来源页。","unverified"
234,"ethnic","纳西族、二月八 等 · 配图","/images/ethnic/naxi/cover.webp","Wikimedia Commons（待核）","原采集自 Wikimedia Commons 民族分类（自由许可），但原始文件名与许可信息已丢失，需用反向图片搜索逐张核对来源页。","unverified"
235,"ethnic","cover2","/images/ethnic/naxi/cover2.webp","Wikimedia Commons（待核）","原采集自 Wikimedia Commons 民族分类（自由许可），但原始文件名与许可信息已丢失，需用反向图片搜索逐张核对来源页。","unverified"
236,"ethnic","怒族 · 配图","/images/ethnic/nu/cover.webp","Wikimedia Commons（待核）","原采集自 Wikimedia Commons 民族分类（自由许可），但原始文件名与许可信息已丢失，需用反向图片搜索逐张核对来源页。","unverified"
237,"ethnic","cover2","/images/ethnic/nu/cover2.webp","Wikimedia Commons（待核）","原采集自 Wikimedia Commons 民族分类（自由许可），但原始文件名与许可信息已丢失，需用反向图片搜索逐张核对来源页。","unverified"
238,"ethnic","普米族 · 配图","/images/ethnic/pumi/cover.webp","Wikimedia Commons（待核）","原采集自 Wikimedia Commons 民族分类（自由许可），但原始文件名与许可信息已丢失，需用反向图片搜索逐张核对来源页。","unverified"
239,"ethnic","cover2","/images/ethnic/pumi/cover2.webp","Wikimedia Commons（待核）","原采集自 Wikimedia Commons 民族分类（自由许可），但原始文件名与许可信息已丢失，需用反向图片搜索逐张核对来源页。","unverified"
240,"ethnic","羌族 · 配图","/images/ethnic/qiang/cover.webp","Wikimedia Commons（待核）","原采集自 Wikimedia Commons 民族分类（自由许可），但原始文件名与许可信息已丢失，需用反向图片搜索逐张核对来源页。","unverified"
241,"ethnic","cover2","/images/ethnic/qiang/cover2.webp","Wikimedia Commons（待核）","原采集自 Wikimedia Commons 民族分类（自由许可），但原始文件名与许可信息已丢失，需用反向图片搜索逐张核对来源页。","unverified"
242,"ethnic","撒拉族 · 配图","/images/ethnic/sala/cover.webp","Wikimedia Commons（待核）","原采集自 Wikimedia Commons 民族分类（自由许可），但原始文件名与许可信息已丢失，需用反向图片搜索逐张核对来源页。","unverified"
243,"ethnic","cover2","/images/ethnic/sala/cover2.webp","Wikimedia Commons（待核）","原采集自 Wikimedia Commons 民族分类（自由许可），但原始文件名与许可信息已丢失，需用反向图片搜索逐张核对来源页。","unverified"
244,"ethnic","畲族 · 配图","/images/ethnic/she/cover.webp","Wikimedia Commons（待核）","原采集自 Wikimedia Commons 民族分类（自由许可），但原始文件名与许可信息已丢失，需用反向图片搜索逐张核对来源页。","unverified"
245,"ethnic","cover2","/images/ethnic/she/cover2.webp","Wikimedia Commons（待核）","原采集自 Wikimedia Commons 民族分类（自由许可），但原始文件名与许可信息已丢失，需用反向图片搜索逐张核对来源页。","unverified"
246,"ethnic","水族 · 配图","/images/ethnic/shui/cover.webp","Wikimedia Commons（待核）","原采集自 Wikimedia Commons 民族分类（自由许可），但原始文件名与许可信息已丢失，需用反向图片搜索逐张核对来源页。","unverified"
247,"ethnic","cover2","/images/ethnic/shui/cover2.webp","Wikimedia Commons（待核）","原采集自 Wikimedia Commons 民族分类（自由许可），但原始文件名与许可信息已丢失，需用反向图片搜索逐张核对来源页。","unverified"
248,"ethnic","塔吉克族 · 配图","/images/ethnic/tajike/cover.webp","Wikimedia Commons（待核）","原采集自 Wikimedia Commons 民族分类（自由许可），但原始文件名与许可信息已丢失，需用反向图片搜索逐张核对来源页。","unverified"
249,"ethnic","cover2","/images/ethnic/tajike/cover2.webp","Wikimedia Commons（待核）","原采集自 Wikimedia Commons 民族分类（自由许可），但原始文件名与许可信息已丢失，需用反向图片搜索逐张核对来源页。","unverified"
250,"ethnic","塔塔尔族 · 配图","/images/ethnic/tataer/cover.webp","Wikimedia Commons（待核）","原采集自 Wikimedia Commons 民族分类（自由许可），但原始文件名与许可信息已丢失，需用反向图片搜索逐张核对来源页。","unverified"
251,"ethnic","cover2","/images/ethnic/tataer/cover2.webp","Wikimedia Commons（待核）","原采集自 Wikimedia Commons 民族分类（自由许可），但原始文件名与许可信息已丢失，需用反向图片搜索逐张核对来源页。","unverified"
252,"ethnic","藏族、燃灯节 等 · 配图","/images/ethnic/tibetan/cover.webp","Wikimedia Commons（待核）","原采集自 Wikimedia Commons 民族分类（自由许可），但原始文件名与许可信息已丢失，需用反向图片搜索逐张核对来源页。","unverified"
253,"ethnic","cover2","/images/ethnic/tibetan/cover2.webp","Wikimedia Commons（待核）","原采集自 Wikimedia Commons 民族分类（自由许可），但原始文件名与许可信息已丢失，需用反向图片搜索逐张核对来源页。","unverified"
254,"ethnic","土族 · 配图","/images/ethnic/tu/cover.webp","Wikimedia Commons（待核）","原采集自 Wikimedia Commons 民族分类（自由许可），但原始文件名与许可信息已丢失，需用反向图片搜索逐张核对来源页。","unverified"
255,"ethnic","cover2","/images/ethnic/tu/cover2.webp","Wikimedia Commons（待核）","原采集自 Wikimedia Commons 民族分类（自由许可），但原始文件名与许可信息已丢失，需用反向图片搜索逐张核对来源页。","unverified"
256,"ethnic","土家族、牛王节 等 · 配图","/images/ethnic/tujia/cover.webp","Wikimedia Commons（待核）","原采集自 Wikimedia Commons 民族分类（自由许可），但原始文件名与许可信息已丢失，需用反向图片搜索逐张核对来源页。","unverified"
257,"ethnic","cover2","/images/ethnic/tujia/cover2.webp","Wikimedia Commons（待核）","原采集自 Wikimedia Commons 民族分类（自由许可），但原始文件名与许可信息已丢失，需用反向图片搜索逐张核对来源页。","unverified"
258,"ethnic","维吾尔族、都瓦节 等 · 配图","/images/ethnic/uyghur/cover.webp","Wikimedia Commons（待核）","原采集自 Wikimedia Commons 民族分类（自由许可），但原始文件名与许可信息已丢失，需用反向图片搜索逐张核对来源页。","unverified"
259,"ethnic","cover2","/images/ethnic/uyghur/cover2.webp","Wikimedia Commons（待核）","原采集自 Wikimedia Commons 民族分类（自由许可），但原始文件名与许可信息已丢失，需用反向图片搜索逐张核对来源页。","unverified"
260,"ethnic","佤族 · 配图","/images/ethnic/wa/cover.webp","Wikimedia Commons（待核）","原采集自 Wikimedia Commons 民族分类（自由许可），但原始文件名与许可信息已丢失，需用反向图片搜索逐张核对来源页。","unverified"
261,"ethnic","cover2","/images/ethnic/wa/cover2.webp","Wikimedia Commons（待核）","原采集自 Wikimedia Commons 民族分类（自由许可），但原始文件名与许可信息已丢失，需用反向图片搜索逐张核对来源页。","unverified"
262,"ethnic","乌孜别克族 · 配图","/images/ethnic/wuzibieke/cover.webp","Wikimedia Commons（待核）","原采集自 Wikimedia Commons 民族分类（自由许可），但原始文件名与许可信息已丢失，需用反向图片搜索逐张核对来源页。","unverified"
263,"ethnic","cover2","/images/ethnic/wuzibieke/cover2.webp","Wikimedia Commons（待核）","原采集自 Wikimedia Commons 民族分类（自由许可），但原始文件名与许可信息已丢失，需用反向图片搜索逐张核对来源页。","unverified"
264,"ethnic","锡伯族 · 配图","/images/ethnic/xibo/cover.webp","Wikimedia Commons（待核）","原采集自 Wikimedia Commons 民族分类（自由许可），但原始文件名与许可信息已丢失，需用反向图片搜索逐张核对来源页。","unverified"
265,"ethnic","cover2","/images/ethnic/xibo/cover2.webp","Wikimedia Commons（待核）","原采集自 Wikimedia Commons 民族分类（自由许可），但原始文件名与许可信息已丢失，需用反向图片搜索逐张核对来源页。","unverified"
266,"ethnic","瑶族、耍歌堂 等 · 配图","/images/ethnic/yao/cover.webp","Wikimedia Commons（待核）","原采集自 Wikimedia Commons 民族分类（自由许可），但原始文件名与许可信息已丢失，需用反向图片搜索逐张核对来源页。","unverified"
267,"ethnic","cover2","/images/ethnic/yao/cover2.webp","Wikimedia Commons（待核）","原采集自 Wikimedia Commons 民族分类（自由许可），但原始文件名与许可信息已丢失，需用反向图片搜索逐张核对来源页。","unverified"
268,"ethnic","彝族、密枝节 等 · 配图","/images/ethnic/yi/cover.webp","Wikimedia Commons（待核）","原采集自 Wikimedia Commons 民族分类（自由许可），但原始文件名与许可信息已丢失，需用反向图片搜索逐张核对来源页。","unverified"
269,"ethnic","cover2","/images/ethnic/yi/cover2.webp","Wikimedia Commons（待核）","原采集自 Wikimedia Commons 民族分类（自由许可），但原始文件名与许可信息已丢失，需用反向图片搜索逐张核对来源页。","unverified"
270,"ethnic","裕固族 · 配图","/images/ethnic/yugu/cover.webp","Wikimedia Commons（待核）","原采集自 Wikimedia Commons 民族分类（自由许可），但原始文件名与许可信息已丢失，需用反向图片搜索逐张核对来源页。","unverified"
271,"ethnic","cover2","/images/ethnic/yugu/cover2.webp","Wikimedia Commons（待核）","原采集自 Wikimedia Commons 民族分类（自由许可），但原始文件名与许可信息已丢失，需用反向图片搜索逐张核对来源页。","unverified"
272,"ethnic","壮族、牛魂节 等 · 配图","/images/ethnic/zhuang/cover.webp","Wikimedia Commons（待核）","原采集自 Wikimedia Commons 民族分类（自由许可），但原始文件名与许可信息已丢失，需用反向图片搜索逐张核对来源页。","unverified"
273,"ethnic","cover2","/images/ethnic/zhuang/cover2.webp","Wikimedia Commons（待核）","原采集自 Wikimedia Commons 民族分类（自由许可），但原始文件名与许可信息已丢失，需用反向图片搜索逐张核对来源页。","unverified"
274,"festival","阿露窝罗节 · 配图","/images/festival/alu-woluo-festival-u.webp","来源待核","节日专属封面；采集时的具体来源未记录在案，需核对。","unverified"
275,"festival","昂德林节 · 配图","/images/festival/angdelin-festival-u.webp","来源待核","节日专属封面；采集时的具体来源未记录在案，需核对。","unverified"
276,"festival","昂玛突 · 配图","/images/festival/angmatu-sacrificing-to-village-god-u.webp","来源待核","节日专属封面；采集时的具体来源未记录在案，需核对。","unverified"
277,"festival","阿涅 · 配图","/images/festival/anie-daur-spring-festival-u.webp","来源待核","节日专属封面；采集时的具体来源未记录在案，需核对。","unverified"
278,"festival","四月大会 · 配图","/images/festival/april-assembly-u.webp","来源待核","节日专属封面；采集时的具体来源未记录在案，需核对。","unverified"
279,"festival","棒棒会 · 配图","/images/festival/bangbang-fair-u.webp","来源待核","节日专属封面；采集时的具体来源未记录在案，需核对。","unverified"
280,"festival","颁金节 · 配图","/images/festival/banjin-festival-u.webp","来源待核","节日专属封面；采集时的具体来源未记录在案，需核对。","unverified"
281,"festival","篝火节 · 配图","/images/festival/bonfire-festival-u.webp","来源待核","节日专属封面；采集时的具体来源未记录在案，需核对。","unverified"
282,"festival","查白歌节 · 配图","/images/festival/chabai-song-festival-u.webp","来源待核","节日专属封面；采集时的具体来源未记录在案，需核对。","unverified"
283,"festival","肖贡巴哈尔节 · 配图","/images/festival/chagan-baha-u.webp","来源待核","节日专属封面；采集时的具体来源未记录在案，需核对。","unverified"
284,"festival","圣诞节 · 配图","/images/festival/christmas-orthodox-u.webp","来源待核","节日专属封面；采集时的具体来源未记录在案，需核对。","unverified"
285,"festival","秋夕节 · 配图","/images/festival/chuseok-u.webp","来源待核","节日专属封面；采集时的具体来源未记录在案，需核对。","unverified"
286,"festival","关门节 · 配图","/images/festival/closing-festival-khao-phansa-u.webp","来源待核","节日专属封面；采集时的具体来源未记录在案，需核对。","unverified"
287,"festival","赛装节 · 配图","/images/festival/costume-contest-festival-u.webp","来源待核","节日专属封面；采集时的具体来源未记录在案，需核对。","unverified"
288,"festival","赕佛节 · 配图","/images/festival/danfo-festival-u.webp","来源待核","节日专属封面；采集时的具体来源未记录在案，需核对。","unverified"
289,"festival","达努节 · 配图","/images/festival/danu-festival-u.webp","来源待核","节日专属封面；采集时的具体来源未记录在案，需核对。","unverified"
290,"festival","大十五节 · 配图","/images/festival/dashi-wu-festival-u.webp","来源待核","节日专属封面；采集时的具体来源未记录在案，需核对。","unverified"
291,"festival","女儿会 · 配图","/images/festival/daughters-fair-u.webp","来源待核","节日专属封面；采集时的具体来源未记录在案，需核对。","unverified"
292,"festival","鹿神节 · 配图","/images/festival/deer-god-festival-u.webp","来源待核","节日专属封面；采集时的具体来源未记录在案，需核对。","unverified"
293,"festival","侗年 · 配图","/images/festival/dong-new-year-u.webp","来源待核","节日专属封面；采集时的具体来源未记录在案，需核对。","unverified"
294,"festival","dragon-boat-festival-1","/images/festival/dragon-boat-festival-1.webp","来源待核","节日专属封面；采集时的具体来源未记录在案，需核对。","unverified"
295,"festival","端午节 · 配图","/images/festival/dragon-boat-festival-u.webp","来源待核","节日专属封面；采集时的具体来源未记录在案，需核对。","unverified"
296,"festival","二月二 · 配图","/images/festival/dragon-head-festival-u.webp","来源待核","节日专属封面；采集时的具体来源未记录在案，需核对。","unverified"
297,"festival","端节 · 配图","/images/festival/duan-festival-u.webp","来源待核","节日专属封面；采集时的具体来源未记录在案，需核对。","unverified"
298,"festival","复活节 · 配图","/images/festival/easter-u.webp","来源待核","节日专属封面；采集时的具体来源未记录在案，需核对。","unverified"
299,"festival","吃新节 · 配图","/images/festival/eating-new-rice-festival-u.webp","来源待核","节日专属封面；采集时的具体来源未记录在案，需核对。","unverified"
300,"festival","古尔邦节 · 配图","/images/festival/eid-al-adha-u.webp","来源待核","节日专属封面；采集时的具体来源未记录在案，需核对。","unverified"
301,"festival","eid-al-fitr-3","/images/festival/eid-al-fitr-3.webp","来源待核","节日专属封面；采集时的具体来源未记录在案，需核对。","unverified"
302,"festival","开斋节、肉孜节 等 · 配图","/images/festival/eid-al-fitr-u.webp","来源待核","节日专属封面；采集时的具体来源未记录在案，需核对。","unverified"
303,"festival","洗礼节 · 配图","/images/festival/epiphany-baptism-u.webp","来源待核","节日专属封面；采集时的具体来源未记录在案，需核对。","unverified"
304,"festival","仙女节 · 配图","/images/festival/fairy-festival-u.webp","来源待核","节日专属封面；采集时的具体来源未记录在案，需核对。","unverified"
305,"festival","分龙节 · 配图","/images/festival/fenlong-festival-u.webp","来源待核","节日专属封面；采集时的具体来源未记录在案，需核对。","unverified"
306,"festival","正月大会 · 配图","/images/festival/first-month-assembly-u.webp","来源待核","节日专属封面；采集时的具体来源未记录在案，需核对。","unverified"
307,"festival","祭山林节 · 配图","/images/festival/forest-worship-festival-u.webp","来源待核","节日专属封面；采集时的具体来源未记录在案，需核对。","unverified"
308,"festival","蚂拐节 · 配图","/images/festival/frog-festival-u.webp","来源待核","节日专属封面；采集时的具体来源未记录在案，需核对。","unverified"
309,"festival","霜降节 · 配图","/images/festival/frost-descent-festival-u.webp","来源待核","节日专属封面；采集时的具体来源未记录在案，需核对。","unverified"
310,"festival","京族春节 · 配图","/images/festival/gin-spring-festival-u.webp","来源待核","节日专属封面；采集时的具体来源未记录在案，需核对。","unverified"
311,"festival","葫芦节 · 配图","/images/festival/gourd-festival-u.webp","来源待核","节日专属封面；采集时的具体来源未记录在案，需核对。","unverified"
312,"festival","观经会 · 配图","/images/festival/guanjing-fair-u.webp","来源待核","节日专属封面；采集时的具体来源未记录在案，需核对。","unverified"
313,"festival","哈节 · 配图","/images/festival/ha-festival-u.webp","来源待核","节日专属封面；采集时的具体来源未记录在案，需核对。","unverified"
314,"festival","好希早节 · 配图","/images/festival/haoxizao-festival-u.webp","来源待核","节日专属封面；采集时的具体来源未记录在案，需核对。","unverified"
315,"festival","祝丰收节 · 配图","/images/festival/harvest-blessing-festival-u.webp","来源待核","节日专属封面；采集时的具体来源未记录在案，需核对。","unverified"
316,"festival","丰年祭 · 配图","/images/festival/harvest-festival-millet-festival-u.webp","来源待核","节日专属封面；采集时的具体来源未记录在案，需核对。","unverified"
317,"festival","收获节 · 配图","/images/festival/harvest-festival-u.webp","来源待核","节日专属封面；采集时的具体来源未记录在案，需核对。","unverified"
318,"festival","赫哲年 · 配图","/images/festival/hezhen-new-year-u.webp","来源待核","节日专属封面；采集时的具体来源未记录在案，需核对。","unverified"
319,"festival","花儿会 · 配图","/images/festival/hua-er-festival-u.webp","来源待核","节日专属封面；采集时的具体来源未记录在案，需核对。","unverified"
320,"festival","二月二会亲节 · 配图","/images/festival/huiqin-festival-u.webp","来源待核","节日专属封面；采集时的具体来源未记录在案，需核对。","unverified"
321,"festival","狩猎祭 · 配图","/images/festival/hunting-festival-u.webp","来源待核","节日专属封面；采集时的具体来源未记录在案，需核对。","unverified"
322,"festival","六月六 · 配图","/images/festival/june-6th-festival-u.webp","来源待核","节日专属封面；采集时的具体来源未记录在案，需核对。","unverified"
323,"festival","六月大会 · 配图","/images/festival/june-assembly-u.webp","来源待核","节日专属封面；采集时的具体来源未记录在案，需核对。","unverified"
324,"festival","军坡节 · 配图","/images/festival/junpo-festival-u.webp","来源待核","节日专属封面；采集时的具体来源未记录在案，需核对。","unverified"
325,"festival","卡雀哇节 · 配图","/images/festival/kaquewa-festival-u.webp","来源待核","节日专属封面；采集时的具体来源未记录在案，需核对。","unverified"
326,"festival","十月年 · 配图","/images/festival/khauma-october-new-year-u.webp","来源待核","节日专属封面；采集时的具体来源未记录在案，需核对。","unverified"
327,"festival","刀杆节 · 配图","/images/festival/knife-pole-festival-u.webp","来源待核","节日专属封面；采集时的具体来源未记录在案，需核对。","unverified"
328,"festival","岁首节 · 配图","/images/festival/korean-new-year-seollal-u.webp","来源待核","节日专属封面；采集时的具体来源未记录在案，需核对。","unverified"
329,"festival","马奶节 · 配图","/images/festival/koumiss-festival-u.webp","来源待核","节日专属封面；采集时的具体来源未记录在案，需核对。","unverified"
330,"festival","库木勒节 · 配图","/images/festival/kumule-festival-u.webp","来源待核","节日专属封面；采集时的具体来源未记录在案，需核对。","unverified"
331,"festival","阔时节 · 配图","/images/festival/kusua-festival-u.webp","来源待核","节日专属封面；采集时的具体来源未记录在案，需核对。","unverified"
332,"festival","苦扎扎 · 配图","/images/festival/kuzaza-festival-u.webp","来源待核","节日专属封面；采集时的具体来源未记录在案，需核对。","unverified"
333,"festival","扩塔节 · 配图","/images/festival/lahu-spring-festival-u.webp","来源待核","节日专属封面；采集时的具体来源未记录在案，需核对。","unverified"
334,"festival","元宵节 · 配图","/images/festival/lantern-festival-u.webp","来源待核","节日专属封面；采集时的具体来源未记录在案，需核对。","unverified"
335,"festival","擂台会 · 配图","/images/festival/leitai-fair-u.webp","来源待核","节日专属封面；采集时的具体来源未记录在案，需核对。","unverified"
336,"festival","藏历新年、藏历年 等 · 配图","/images/festival/losar-u.webp","来源待核","节日专属封面；采集时的具体来源未记录在案，需核对。","unverified"
337,"festival","芦笙节 · 配图","/images/festival/lusheng-festival-u.webp","来源待核","节日专属封面；采集时的具体来源未记录在案，需核对。","unverified"
338,"festival","卯节 · 配图","/images/festival/mao-festival-u.webp","来源待核","节日专属封面；采集时的具体来源未记录在案，需核对。","unverified"
339,"festival","圣纪节 · 配图","/images/festival/mawlid-u.webp","来源待核","节日专属封面；采集时的具体来源未记录在案，需核对。","unverified"
340,"festival","苗年 · 配图","/images/festival/miao-new-year-u.webp","来源待核","节日专属封面；采集时的具体来源未记录在案，需核对。","unverified"
341,"festival","米阔鲁节 · 配图","/images/festival/mikelu-festival-u.webp","来源待核","节日专属封面；采集时的具体来源未记录在案，需核对。","unverified"
342,"festival","摸你黑节 · 配图","/images/festival/monihei-festival-u.webp","来源待核","节日专属封面；采集时的具体来源未记录在案，需核对。","unverified"
343,"festival","月亮节 · 配图","/images/festival/moon-festival-u.webp","来源待核","节日专属封面；采集时的具体来源未记录在案，需核对。","unverified"
344,"festival","转山会 · 配图","/images/festival/mountain-turning-festival-u.webp","来源待核","节日专属封面；采集时的具体来源未记录在案，需核对。","unverified"
345,"festival","祭山会、祭山节 等 · 配图","/images/festival/mountain-worship-festival-u.webp","来源待核","节日专属封面；采集时的具体来源未记录在案，需核对。","unverified"
346,"festival","目瑙纵歌 · 配图","/images/festival/munao-zongge-u.webp","来源待核","节日专属封面；采集时的具体来源未记录在案，需核对。","unverified"
347,"festival","naadam-2","/images/festival/naadam-2.webp","来源待核","节日专属封面；采集时的具体来源未记录在案，需核对。","unverified"
348,"festival","那达慕大会 · 配图","/images/festival/naadam-u.webp","来源待核","节日专属封面；采集时的具体来源未记录在案，需核对。","unverified"
349,"festival","纳顿节 · 配图","/images/festival/nadun-festival-u.webp","来源待核","节日专属封面；采集时的具体来源未记录在案，需核对。","unverified"
350,"festival","纳吾鲁孜节 · 配图","/images/festival/nauryz-u.webp","来源待核","节日专属封面；采集时的具体来源未记录在案，需核对。","unverified"
351,"festival","新米节 · 配图","/images/festival/new-rice-festival-u.webp","来源待核","节日专属封面；采集时的具体来源未记录在案，需核对。","unverified"
352,"festival","诺鲁孜节 · 配图","/images/festival/nowruz-u.webp","来源待核","节日专属封面；采集时的具体来源未记录在案，需核对。","unverified"
353,"festival","怒族新年 · 配图","/images/festival/nu-new-year-u.webp","来源待核","节日专属封面；采集时的具体来源未记录在案，需核对。","unverified"
354,"festival","敖包会 · 配图","/images/festival/oboo-fair-u.webp","来源待核","节日专属封面；采集时的具体来源未记录在案，需核对。","unverified"
355,"festival","祭敖包 · 配图","/images/festival/oboo-worship-u.webp","来源待核","节日专属封面；采集时的具体来源未记录在案，需核对。","unverified"
356,"festival","开门节 · 配图","/images/festival/opening-festival-ok-phansa-u.webp","来源待核","节日专属封面；采集时的具体来源未记录在案，需核对。","unverified"
357,"festival","牛王节 · 配图","/images/festival/ox-king-festival-u.webp","来源待核","节日专属封面；采集时的具体来源未记录在案，需核对。","unverified"
358,"festival","盘王节 · 配图","/images/festival/panwang-festival-u.webp","来源待核","节日专属封面；采集时的具体来源未记录在案，需核对。","unverified"
359,"festival","南瓜节 · 配图","/images/festival/pumpkin-festival-u.webp","来源待核","节日专属封面；采集时的具体来源未记录在案，需核对。","unverified"
360,"festival","羌年 · 配图","/images/festival/qiang-new-year-u.webp","来源待核","节日专属封面；采集时的具体来源未记录在案，需核对。","unverified"
361,"festival","桥节 · 配图","/images/festival/qiao-festival-u.webp","来源待核","节日专属封面；采集时的具体来源未记录在案，需核对。","unverified"
362,"festival","清明节 · 配图","/images/festival/qingming-festival-u.webp","来源待核","节日专属封面；采集时的具体来源未记录在案，需核对。","unverified"
363,"festival","曲科节 · 配图","/images/festival/quke-festival-u.webp","来源待核","节日专属封面；采集时的具体来源未记录在案，需核对。","unverified"
364,"festival","绕三灵 · 配图","/images/festival/raosanling-u.webp","来源待核","节日专属封面；采集时的具体来源未记录在案，需核对。","unverified"
365,"festival","萨班节 · 配图","/images/festival/saban-festival-u.webp","来源待核","节日专属封面；采集时的具体来源未记录在案，需核对。","unverified"
366,"festival","萨玛节 · 配图","/images/festival/sama-festival-u.webp","来源待核","节日专属封面；采集时的具体来源未记录在案，需核对。","unverified"
367,"festival","三朵节 · 配图","/images/festival/sanduo-festival-u.webp","来源待核","节日专属封面；采集时的具体来源未记录在案，需核对。","unverified"
368,"festival","桑康节 · 配图","/images/festival/sangkan-festival-u.webp","来源待核","节日专属封面；采集时的具体来源未记录在案，需核对。","unverified"
369,"festival","三月街 · 配图","/images/festival/sanyuejie-march-street-u.webp","来源待核","节日专属封面；采集时的具体来源未记录在案，需核对。","unverified"
370,"festival","三月三 · 配图","/images/festival/sanyuesan-festival-u.webp","来源待核","节日专属封面；采集时的具体来源未记录在案，需核对。","unverified"
371,"festival","瑟宾节 · 配图","/images/festival/sebin-festival-u.webp","来源待核","节日专属封面；采集时的具体来源未记录在案，需核对。","unverified"
372,"festival","社节 · 配图","/images/festival/she-festival-u.webp","来源待核","节日专属封面；采集时的具体来源未记录在案，需核对。","unverified"
373,"festival","社巴节 · 配图","/images/festival/sheba-festival-u.webp","来源待核","节日专属封面；采集时的具体来源未记录在案，需核对。","unverified"
374,"festival","雪顿节 · 配图","/images/festival/shoton-festival-u.webp","来源待核","节日专属封面；采集时的具体来源未记录在案，需核对。","unverified"
375,"festival","四月八 · 配图","/images/festival/sibayue-festival-u.webp","来源待核","节日专属封面；采集时的具体来源未记录在案，需核对。","unverified"
376,"festival","姊妹节 · 配图","/images/festival/sisters-festival-u.webp","来源待核","节日专属封面；采集时的具体来源未记录在案，需核对。","unverified"
377,"festival","抹黑节 · 配图","/images/festival/smearing-festival-u.webp","来源待核","节日专属封面；采集时的具体来源未记录在案，需核对。","unverified"
378,"festival","播种祭、撒种节 等 · 配图","/images/festival/sowing-festival-u.webp","来源待核","节日专属封面；采集时的具体来源未记录在案，需核对。","unverified"
379,"festival","spring-festival-1","/images/festival/spring-festival-1.webp","来源待核","节日专属封面；采集时的具体来源未记录在案，需核对。","unverified"
380,"festival","春节 · 配图","/images/festival/spring-festival-u.webp","来源待核","节日专属封面；采集时的具体来源未记录在案，需核对。","unverified"
381,"festival","苏宁喜节 · 配图","/images/festival/suningxi-festival-u.webp","来源待核","节日专属封面；采集时的具体来源未记录在案，需核对。","unverified"
382,"festival","尝新节 · 配图","/images/festival/tasting-new-rice-festival-u.webp","来源待核","节日专属封面；采集时的具体来源未记录在案，需核对。","unverified"
383,"festival","特懋克节 · 配图","/images/festival/temoke-festival-u.webp","来源待核","节日专属封面；采集时的具体来源未记录在案，需核对。","unverified"
384,"festival","添仓节 · 配图","/images/festival/tiancang-festival-u.webp","来源待核","节日专属封面；采集时的具体来源未记录在案，需核对。","unverified"
385,"festival","火把节 · 配图","/images/festival/torch-festival-u.webp","来源待核","节日专属封面；采集时的具体来源未记录在案，需核对。","unverified"
386,"festival","赶年 · 配图","/images/festival/tujia-new-year-u.webp","来源待核","节日专属封面；采集时的具体来源未记录在案，需核对。","unverified"
387,"festival","瓦尔俄足 · 配图","/images/festival/waer-ezu-qiang-women-s-day-u.webp","来源待核","节日专属封面；采集时的具体来源未记录在案，需核对。","unverified"
388,"festival","望果节 · 配图","/images/festival/wangguo-festival-u.webp","来源待核","节日专属封面；采集时的具体来源未记录在案，需核对。","unverified"
389,"festival","引水节 · 配图","/images/festival/water-diversion-festival-u.webp","来源待核","节日专属封面；采集时的具体来源未记录在案，需核对。","unverified"
390,"festival","浇花水节 · 配图","/images/festival/water-festival-u.webp","来源待核","节日专属封面；采集时的具体来源未记录在案，需核对。","unverified"
391,"festival","泼水节 · 配图","/images/festival/water-splashing-festival-u.webp","来源待核","节日专属封面；采集时的具体来源未记录在案，需核对。","unverified"
392,"festival","木鼓节 · 配图","/images/festival/wooden-drum-festival-u.webp","来源待核","节日专属封面；采集时的具体来源未记录在案，需核对。","unverified"
393,"festival","乌日贡节 · 配图","/images/festival/wurigong-festival-u.webp","来源待核","节日专属封面；采集时的具体来源未记录在案，需核对。","unverified"
394,"festival","吾昔节 · 配图","/images/festival/wuxi-festival-u.webp","来源待核","节日专属封面；采集时的具体来源未记录在案，需核对。","unverified"
395,"festival","西迁节 · 配图","/images/festival/xiqian-festival-u.webp","来源待核","节日专属封面；采集时的具体来源未记录在案，需核对。","unverified"
396,"festival","旭独龙节 · 配图","/images/festival/xudulong-new-year-u.webp","来源待核","节日专属封面；采集时的具体来源未记录在案，需核对。","unverified"
397,"festival","彝族年 · 配图","/images/festival/yi-new-year-u.webp","来源待核","节日专属封面；采集时的具体来源未记录在案，需核对。","unverified"
398,"festival","依饭节 · 配图","/images/festival/yifan-festival-u.webp","来源待核","节日专属封面；采集时的具体来源未记录在案，需核对。","unverified"
399,"festival","流头节 · 配图","/images/festival/yudu-festival-u.webp","来源待核","节日专属封面；采集时的具体来源未记录在案，需核对。","unverified"
400,"food","阿昌烤肉 · 配图","/images/food/achang-roast-meat-39.webp","来源待核","文档记录为「百度图搜来源，毕设展示用」，非自由许可图库，正式上线前需替换或取得授权。","unverified"
401,"food","灰豆腐 · 配图","/images/food/ash-tofu-37.webp","来源待核","文档记录为「百度图搜来源，毕设展示用」，非自由许可图库，正式上线前需替换或取得授权。","unverified"
402,"food","竹筒鸡 · 配图","/images/food/bamboo-tube-chicken-16.webp","来源待核","文档记录为「百度图搜来源，毕设展示用」，非自由许可图库，正式上线前需替换或取得授权。","unverified"
403,"food","竹筒饭 · 配图","/images/food/bamboo-tube-rice-18.webp","来源待核","文档记录为「百度图搜来源，毕设展示用」，非自由许可图库，正式上线前需替换或取得授权。","unverified"
404,"food","竹筒饭 · 配图","/images/food/bamboo-tube-rice-19.webp","来源待核","文档记录为「百度图搜来源，毕设展示用」，非自由许可图库，正式上线前需替换或取得授权。","unverified"
405,"food","竹筒饭 · 配图","/images/food/bamboo-tube-rice-23.webp","来源待核","文档记录为「百度图搜来源，毕设展示用」，非自由许可图库，正式上线前需替换或取得授权。","unverified"
406,"food","竹筒饭 · 配图","/images/food/bamboo-tube-rice-28.webp","来源待核","文档记录为「百度图搜来源，毕设展示用」，非自由许可图库，正式上线前需替换或取得授权。","unverified"
407,"food","竹筒饭 · 配图","/images/food/bamboo-tube-rice-34.webp","来源待核","文档记录为「百度图搜来源，毕设展示用」，非自由许可图库，正式上线前需替换或取得授权。","unverified"
408,"food","竹筒饭 · 配图","/images/food/bamboo-tube-rice-46.webp","来源待核","文档记录为「百度图搜来源，毕设展示用」，非自由许可图库，正式上线前需替换或取得授权。","unverified"
409,"food","竹筒饭 · 配图","/images/food/bamboo-tube-rice-56.webp","来源待核","文档记录为「百度图搜来源，毕设展示用」，非自由许可图库，正式上线前需替换或取得授权。","unverified"
410,"food","竹筒饭 · 配图","/images/food/bamboo-tube-rice-8.webp","来源待核","文档记录为「百度图搜来源，毕设展示用」，非自由许可图库，正式上线前需替换或取得授权。","unverified"
411,"food","竹筒茶 · 配图","/images/food/bamboo-tube-tea-24.webp","来源待核","文档记录为「百度图搜来源，毕设展示用」，非自由许可图库，正式上线前需替换或取得授权。","unverified"
412,"food","竹筒酒 · 配图","/images/food/bamboo-tube-wine-55.webp","来源待核","文档记录为「百度图搜来源，毕设展示用」，非自由许可图库，正式上线前需替换或取得授权。","unverified"
413,"food","包尔萨克 · 配图","/images/food/baursak-17.webp","来源待核","文档记录为「百度图搜来源，毕设展示用」，非自由许可图库，正式上线前需替换或取得授权。","unverified"
414,"food","牛肉面 · 配图","/images/food/beef-noodles-3.webp","来源待核","文档记录为「百度图搜来源，毕设展示用」，非自由许可图库，正式上线前需替换或取得授权。","unverified"
415,"food","槟榔 · 配图","/images/food/betel-nut-23.webp","来源待核","文档记录为「百度图搜来源，毕设展示用」，非自由许可图库，正式上线前需替换或取得授权。","unverified"
416,"food","桦树汁 · 配图","/images/food/birch-sap-52.webp","来源待核","文档记录为「百度图搜来源，毕设展示用」，非自由许可图库，正式上线前需替换或取得授权。","unverified"
417,"food","乌米饭 · 配图","/images/food/black-sticky-rice-22.webp","来源待核","文档记录为「百度图搜来源，毕设展示用」，非自由许可图库，正式上线前需替换或取得授权。","unverified"
418,"food","手抓肉 · 配图","/images/food/boiled-mutton-17.webp","来源待核","文档记录为「百度图搜来源，毕设展示用」，非自由许可图库，正式上线前需替换或取得授权。","unverified"
419,"food","手抓羊肉 · 配图","/images/food/boiled-mutton-26.webp","来源待核","文档记录为「百度图搜来源，毕设展示用」，非自由许可图库，正式上线前需替换或取得授权。","unverified"
420,"food","手抓羊肉 · 配图","/images/food/boiled-mutton-29.webp","来源待核","文档记录为「百度图搜来源，毕设展示用」，非自由许可图库，正式上线前需替换或取得授权。","unverified"
421,"food","手抓羊肉 · 配图","/images/food/boiled-mutton-30.webp","来源待核","文档记录为「百度图搜来源，毕设展示用」，非自由许可图库，正式上线前需替换或取得授权。","unverified"
422,"food","手抓羊肉 · 配图","/images/food/boiled-mutton-35.webp","来源待核","文档记录为「百度图搜来源，毕设展示用」，非自由许可图库，正式上线前需替换或取得授权。","unverified"
423,"food","手抓肉 · 配图","/images/food/boiled-mutton-41.webp","来源待核","文档记录为「百度图搜来源，毕设展示用」，非自由许可图库，正式上线前需替换或取得授权。","unverified"
424,"food","手把肉 · 配图","/images/food/boiled-mutton-45.webp","来源待核","文档记录为「百度图搜来源，毕设展示用」，非自由许可图库，正式上线前需替换或取得授权。","unverified"
425,"food","手抓羊肉 · 配图","/images/food/boiled-mutton-48.webp","来源待核","文档记录为「百度图搜来源，毕设展示用」，非自由许可图库，正式上线前需替换或取得授权。","unverified"
426,"food","手把肉 · 备选图","/images/food/boiled-mutton-shouba-rou-2.webp","来源待核","文档记录为「百度图搜来源，毕设展示用」，非自由许可图库，正式上线前需替换或取得授权。","unverified"
427,"food","保安大饼 · 配图","/images/food/bonan-flatbread-47.webp","来源待核","文档记录为「百度图搜来源，毕设展示用」，非自由许可图库，正式上线前需替换或取得授权。","unverified"
428,"food","红菜汤 · 配图","/images/food/borscht-44.webp","来源待核","文档记录为「百度图搜来源，毕设展示用」，非自由许可图库，正式上线前需替换或取得授权。","unverified"
429,"food","荞麦粑粑 · 配图","/images/food/buckwheat-cake-20.webp","来源待核","文档记录为「百度图搜来源，毕设展示用」，非自由许可图库，正式上线前需替换或取得授权。","unverified"
430,"food","苦荞粑 · 配图","/images/food/buckwheat-cake-51.webp","来源待核","文档记录为「百度图搜来源，毕设展示用」，非自由许可图库，正式上线前需替换或取得授权。","unverified"
431,"food","荞麦粑 · 配图","/images/food/buckwheat-cake-7.webp","来源待核","文档记录为「百度图搜来源，毕设展示用」，非自由许可图库，正式上线前需替换或取得授权。","unverified"
432,"food","荞麦饼 · 配图","/images/food/buckwheat-pancake-54.webp","来源待核","文档记录为「百度图搜来源，毕设展示用」，非自由许可图库，正式上线前需替换或取得授权。","unverified"
433,"food","荞麦饼 · 配图","/images/food/buckwheat-pancake-55.webp","来源待核","文档记录为「百度图搜来源，毕设展示用」，非自由许可图库，正式上线前需替换或取得授权。","unverified"
434,"food","酥油奶茶 · 配图","/images/food/butter-milk-tea-48.webp","来源待核","文档记录为「百度图搜来源，毕设展示用」，非自由许可图库，正式上线前需替换或取得授权。","unverified"
435,"food","酥油茶 · 配图","/images/food/butter-tea-4.webp","来源待核","文档记录为「百度图搜来源，毕设展示用」，非自由许可图库，正式上线前需替换或取得授权。","unverified"
436,"food","酥油茶 · 配图","/images/food/butter-tea-54.webp","来源待核","文档记录为「百度图搜来源，毕设展示用」，非自由许可图库，正式上线前需替换或取得授权。","unverified"
437,"food","鸡肉烂饭 · 配图","/images/food/chicken-porridge-21.webp","来源待核","文档记录为「百度图搜来源，毕设展示用」，非自由许可图库，正式上线前需替换或取得授权。","unverified"
438,"food","杵酒 · 配图","/images/food/chujiu-42.webp","来源待核","文档记录为「百度图搜来源，毕设展示用」，非自由许可图库，正式上线前需替换或取得授权。","unverified"
439,"food","杵酒 · 配图","/images/food/chujiu-pestle-wine-20.webp","来源待核","文档记录为「百度图搜来源，毕设展示用」，非自由许可图库，正式上线前需替换或取得授权。","unverified"
440,"food","糍粑 · 配图","/images/food/ciba-glutinous-rice-cake-22.webp","来源待核","文档记录为「百度图搜来源，毕设展示用」，非自由许可图库，正式上线前需替换或取得授权。","unverified"
441,"food","转转酒 · 配图","/images/food/circle-drinking-wine-7.webp","来源待核","文档记录为「百度图搜来源，毕设展示用」，非自由许可图库，正式上线前需替换或取得授权。","unverified"
442,"food","椰子饭 · 配图","/images/food/coconut-rice-19.webp","来源待核","文档记录为「百度图搜来源，毕设展示用」，非自由许可图库，正式上线前需替换或取得授权。","unverified"
443,"food","酸鱼 · 配图","/images/food/dong-sour-fish-12.webp","来源待核","文档记录为「百度图搜来源，毕设展示用」，非自由许可图库，正式上线前需替换或取得授权。","unverified"
444,"food","东乡土豆片 · 配图","/images/food/dongxiang-potato-slices-26.webp","来源待核","文档记录为「百度图搜来源，毕设展示用」，非自由许可图库，正式上线前需替换或取得授权。","unverified"
445,"food","酸奶疙瘩 · 配图","/images/food/dried-yogurt-29.webp","来源待核","文档记录为「百度图搜来源，毕设展示用」，非自由许可图库，正式上线前需替换或取得授权。","unverified"
446,"food","独龙酒 · 配图","/images/food/dulong-wine-51.webp","来源待核","文档记录为「百度图搜来源，毕设展示用」，非自由许可图库，正式上线前需替换或取得授权。","unverified"
447,"food","鱼毛 · 配图","/images/food/fish-floss-53.webp","来源待核","文档记录为「百度图搜来源，毕设展示用」，非自由许可图库，正式上线前需替换或取得授权。","unverified"
448,"food","鱼露 · 配图","/images/food/fish-sauce-49.webp","来源待核","文档记录为「百度图搜来源，毕设展示用」，非自由许可图库，正式上线前需替换或取得授权。","unverified"
449,"food","鱼包韭菜 · 配图","/images/food/fish-stuffed-with-chives-25.webp","来源待核","文档记录为「百度图搜来源，毕设展示用」，非自由许可图库，正式上线前需替换或取得授权。","unverified"
450,"food","五色糯米饭 · 配图","/images/food/five-color-sticky-rice-8.webp","来源待核","文档记录为「百度图搜来源，毕设展示用」，非自由许可图库，正式上线前需替换或取得授权。","unverified"
451,"food","五色糯米饭 · 配图","/images/food/five-color-sticky-rice-9.webp","来源待核","文档记录为「百度图搜来源，毕设展示用」，非自由许可图库，正式上线前需替换或取得授权。","unverified"
452,"food","盖碗茶 · 配图","/images/food/gaiwan-tea-26.webp","来源待核","文档记录为「百度图搜来源，毕设展示用」，非自由许可图库，正式上线前需替换或取得授权。","unverified"
453,"food","盖碗茶 · 配图","/images/food/gaiwan-tea-47.webp","来源待核","文档记录为「百度图搜来源，毕设展示用」，非自由许可图库，正式上线前需替换或取得授权。","unverified"
454,"food","尕面片 · 配图","/images/food/gamianpian-noodle-slices-35.webp","来源待核","文档记录为「百度图搜来源，毕设展示用」，非自由许可图库，正式上线前需替换或取得授权。","unverified"
455,"food","仡佬油茶 · 配图","/images/food/gelao-oil-tea-37.webp","来源待核","文档记录为「百度图搜来源，毕设展示用」，非自由许可图库，正式上线前需替换或取得授权。","unverified"
456,"food","京族米粉 · 配图","/images/food/gin-rice-noodles-49.webp","来源待核","文档记录为「百度图搜来源，毕设展示用」，非自由许可图库，正式上线前需替换或取得授权。","unverified"
457,"food","糯米酒 · 配图","/images/food/glutinous-rice-wine-9.webp","来源待核","文档记录为「百度图搜来源，毕设展示用」，非自由许可图库，正式上线前需替换或取得授权。","unverified"
458,"food","绿叶宴 · 配图","/images/food/green-leaf-feast-28.webp","来源待核","文档记录为「百度图搜来源，毕设展示用」，非自由许可图库，正式上线前需替换或取得授权。","unverified"
459,"food","过手米线 · 配图","/images/food/hand-rice-noodles-39.webp","来源待核","文档记录为「百度图搜来源，毕设展示用」，非自由许可图库，正式上线前需替换或取得授权。","unverified"
460,"food","合渣 · 配图","/images/food/hezha-soybean-mash-15.webp","来源待核","文档记录为「百度图搜来源，毕设展示用」，非自由许可图库，正式上线前需替换或取得授权。","unverified"
461,"food","青稞酒 · 配图","/images/food/highland-barley-wine-30.webp","来源待核","文档记录为「百度图搜来源，毕设展示用」，非自由许可图库，正式上线前需替换或取得授权。","unverified"
462,"food","花花菜 · 配图","/images/food/huahuacai-pickled-vegetables-38.webp","来源待核","文档记录为「百度图搜来源，毕设展示用」，非自由许可图库，正式上线前需替换或取得授权。","unverified"
463,"food","果酱 · 配图","/images/food/jam-50.webp","来源待核","文档记录为「百度图搜来源，毕设展示用」，非自由许可图库，正式上线前需替换或取得授权。","unverified"
464,"food","菅叶粽 · 配图","/images/food/jian-leaf-zongzi-22.webp","来源待核","文档记录为「百度图搜来源，毕设展示用」，非自由许可图库，正式上线前需替换或取得授权。","unverified"
465,"food","饺子 · 配图","/images/food/jiaozi-dumplings-1.webp","来源待核","文档记录为「百度图搜来源，毕设展示用」，非自由许可图库，正式上线前需替换或取得授权。","unverified"
466,"food","鸡豆凉粉 · 配图","/images/food/jidou-liangfen-27.webp","来源待核","文档记录为「百度图搜来源，毕设展示用」，非自由许可图库，正式上线前需替换或取得授权。","unverified"
467,"food","景颇水酒 · 配图","/images/food/jingpo-water-wine-28.webp","来源待核","文档记录为「百度图搜来源，毕设展示用」，非自由许可图库，正式上线前需替换或取得授权。","unverified"
468,"food","基诺茶 · 配图","/images/food/jino-tea-56.webp","来源待核","文档记录为「百度图搜来源，毕设展示用」，非自由许可图库，正式上线前需替换或取得授权。","unverified"
469,"food","九阡酒 · 配图","/images/food/jiuqian-wine-25.webp","来源待核","文档记录为「百度图搜来源，毕设展示用」，非自由许可图库，正式上线前需替换或取得授权。","unverified"
470,"food","烤羊肉串 · 配图","/images/food/kebab-5.webp","来源待核","文档记录为「百度图搜来源，毕设展示用」，非自由许可图库，正式上线前需替换或取得授权。","unverified"
471,"food","泡菜 · 配图","/images/food/kimchi-10.webp","来源待核","文档记录为「百度图搜来源，毕设展示用」，非自由许可图库，正式上线前需替换或取得授权。","unverified"
472,"food","马奶酒 · 配图","/images/food/koumiss-17.webp","来源待核","文档记录为「百度图搜来源，毕设展示用」，非自由许可图库，正式上线前需替换或取得授权。","unverified"
473,"food","马奶酒 · 配图","/images/food/koumiss-29.webp","来源待核","文档记录为「百度图搜来源，毕设展示用」，非自由许可图库，正式上线前需替换或取得授权。","unverified"
474,"food","焜锅馍 · 配图","/images/food/kunguo-mo-30.webp","来源待核","文档记录为「百度图搜来源，毕设展示用」，非自由许可图库，正式上线前需替换或取得授权。","unverified"
475,"food","格瓦斯 · 配图","/images/food/kvass-44.webp","来源待核","文档记录为「百度图搜来源，毕设展示用」，非自由许可图库，正式上线前需替换或取得授权。","unverified"
476,"food","漆油鸡 · 配图","/images/food/lacquer-oil-chicken-20.webp","来源待核","文档记录为「百度图搜来源，毕设展示用」，非自由许可图库，正式上线前需替换或取得授权。","unverified"
477,"food","漆油鸡 · 配图","/images/food/lacquer-oil-chicken-42.webp","来源待核","文档记录为「百度图搜来源，毕设展示用」，非自由许可图库，正式上线前需替换或取得授权。","unverified"
478,"food","漆油鸡 · 配图","/images/food/lacquer-oil-chicken-51.webp","来源待核","文档记录为「百度图搜来源，毕设展示用」，非自由许可图库，正式上线前需替换或取得授权。","unverified"
479,"food","拉祜鸡 · 配图","/images/food/lahu-chicken-24.webp","来源待核","文档记录为「百度图搜来源，毕设展示用」，非自由许可图库，正式上线前需替换或取得授权。","unverified"
480,"food","拉祜烤肉 · 配图","/images/food/lahu-roast-meat-24.webp","来源待核","文档记录为「百度图搜来源，毕设展示用」，非自由许可图库，正式上线前需替换或取得授权。","unverified"
481,"food","珞巴鸡 · 配图","/images/food/lhoba-chicken-55.webp","来源待核","文档记录为「百度图搜来源，毕设展示用」，非自由许可图库，正式上线前需替换或取得授权。","unverified"
482,"food","丽江粑粑 · 配图","/images/food/lijiang-baba-27.webp","来源待核","文档记录为「百度图搜来源，毕设展示用」，非自由许可图库，正式上线前需替换或取得授权。","unverified"
483,"food","长街宴菜 · 配图","/images/food/long-street-banquet-dishes-16.webp","来源待核","文档记录为「百度图搜来源，毕设展示用」，非自由许可图库，正式上线前需替换或取得授权。","unverified"
484,"food","驴打滚 · 配图","/images/food/lvdagun-glutinous-rice-rolls-11.webp","来源待核","文档记录为「百度图搜来源，毕设展示用」，非自由许可图库，正式上线前需替换或取得授权。","unverified"
485,"food","毛南香猪 · 配图","/images/food/maonan-fragrant-pig-36.webp","来源待核","文档记录为「百度图搜来源，毕设展示用」，非自由许可图库，正式上线前需替换或取得授权。","unverified"
486,"food","苗家腌鱼 · 配图","/images/food/miao-salted-fish-6.webp","来源待核","文档记录为「百度图搜来源，毕设展示用」，非自由许可图库，正式上线前需替换或取得授权。","unverified"
487,"food","奶豆腐 · 备选图","/images/food/milk-curd-aaruul-2.webp","来源待核","文档记录为「百度图搜来源，毕设展示用」，非自由许可图库，正式上线前需替换或取得授权。","unverified"
488,"food","牛奶面片 · 配图","/images/food/milk-noodle-slices-31.webp","来源待核","文档记录为「百度图搜来源，毕设展示用」，非自由许可图库，正式上线前需替换或取得授权。","unverified"
489,"food","奶茶 · 配图","/images/food/milk-tea-45.webp","来源待核","文档记录为「百度图搜来源，毕设展示用」，非自由许可图库，正式上线前需替换或取得授权。","unverified"
490,"food","奶茶 · 配图","/images/food/milk-tea-50.webp","来源待核","文档记录为「百度图搜来源，毕设展示用」，非自由许可图库，正式上线前需替换或取得授权。","unverified"
491,"food","稷子米饭 · 配图","/images/food/millet-rice-31.webp","来源待核","文档记录为「百度图搜来源，毕设展示用」，非自由许可图库，正式上线前需替换或取得授权。","unverified"
492,"food","粟米酒 · 配图","/images/food/millet-wine-23.webp","来源待核","文档记录为「百度图搜来源，毕设展示用」，非自由许可图库，正式上线前需替换或取得授权。","unverified"
493,"food","门巴烧酒 · 配图","/images/food/monpa-baijiu-54.webp","来源待核","文档记录为「百度图搜来源，毕设展示用」，非自由许可图库，正式上线前需替换或取得授权。","unverified"
494,"food","月饼 · 配图","/images/food/mooncake-1.webp","来源待核","文档记录为「百度图搜来源，毕设展示用」，非自由许可图库，正式上线前需替换或取得授权。","unverified"
495,"food","白馍 · 配图","/images/food/mulao-white-bun-32.webp","来源待核","文档记录为「百度图搜来源，毕设展示用」，非自由许可图库，正式上线前需替换或取得授权。","unverified"
496,"food","馕 · 配图","/images/food/naan-41.webp","来源待核","文档记录为「百度图搜来源，毕设展示用」，非自由许可图库，正式上线前需替换或取得授权。","unverified"
497,"food","馕 · 配图","/images/food/naan-5.webp","来源待核","文档记录为「百度图搜来源，毕设展示用」，非自由许可图库，正式上线前需替换或取得授权。","unverified"
498,"food","冷面 · 配图","/images/food/naengmyeon-cold-noodles-10.webp","来源待核","文档记录为「百度图搜来源，毕设展示用」，非自由许可图库，正式上线前需替换或取得授权。","unverified"
499,"food","纳仁面 · 配图","/images/food/naryn-noodles-43.webp","来源待核","文档记录为「百度图搜来源，毕设展示用」，非自由许可图库，正式上线前需替换或取得授权。","unverified"
500,"food","纳西烤肉 · 配图","/images/food/naxi-roast-pork-27.webp","来源待核","文档记录为「百度图搜来源，毕设展示用」，非自由许可图库，正式上线前需替换或取得授权。","unverified"
501,"food","牛瘪 · 配图","/images/food/niubie-beef-tripe-soup-12.webp","来源待核","文档记录为「百度图搜来源，毕设展示用」，非自由许可图库，正式上线前需替换或取得授权。","unverified"
502,"food","油茶 · 配图","/images/food/oil-tea-12.webp","来源待核","文档记录为「百度图搜来源，毕设展示用」，非自由许可图库，正式上线前需替换或取得授权。","unverified"
503,"food","打油茶 · 配图","/images/food/oil-tea-8.webp","来源待核","文档记录为「百度图搜来源，毕设展示用」，非自由许可图库，正式上线前需替换或取得授权。","unverified"
504,"food","油茶汤 · 配图","/images/food/oil-tea-soup-15.webp","来源待核","文档记录为「百度图搜来源，毕设展示用」，非自由许可图库，正式上线前需替换或取得授权。","unverified"
505,"food","北京烤鸭 · 配图","/images/food/peking-duck-1.webp","来源待核","文档记录为「百度图搜来源，毕设展示用」，非自由许可图库，正式上线前需替换或取得授权。","unverified"
506,"food","腌酸肉 · 配图","/images/food/pickled-sour-meat-34.webp","来源待核","文档记录为「百度图搜来源，毕设展示用」，非自由许可图库，正式上线前需替换或取得授权。","unverified"
507,"food","腌菜 · 配图","/images/food/pickles-46.webp","来源待核","文档记录为「百度图搜来源，毕设展示用」，非自由许可图库，正式上线前需替换或取得授权。","unverified"
508,"food","抓饭 · 配图","/images/food/pilaf-43.webp","来源待核","文档记录为「百度图搜来源，毕设展示用」，非自由许可图库，正式上线前需替换或取得授权。","unverified"
509,"food","抓饭 · 配图","/images/food/pilaf-poluo-5.webp","来源待核","文档记录为「百度图搜来源，毕设展示用」，非自由许可图库，正式上线前需替换或取得授权。","unverified"
510,"food","菠萝饭 · 配图","/images/food/pineapple-rice-18.webp","来源待核","文档记录为「百度图搜来源，毕设展示用」，非自由许可图库，正式上线前需替换或取得授权。","unverified"
511,"food","洋芋糍粑 · 配图","/images/food/potato-ciba-33.webp","来源待核","文档记录为「百度图搜来源，毕设展示用」，非自由许可图库，正式上线前需替换或取得授权。","unverified"
512,"food","南瓜饭 · 配图","/images/food/pumpkin-rice-36.webp","来源待核","文档记录为「百度图搜来源，毕设展示用」，非自由许可图库，正式上线前需替换或取得授权。","unverified"
513,"food","紫米 · 配图","/images/food/purple-rice-16.webp","来源待核","文档记录为「百度图搜来源，毕设展示用」，非自由许可图库，正式上线前需替换或取得授权。","unverified"
514,"food","羌族腊肉 · 配图","/images/food/qiang-smoked-pork-33.webp","来源待核","文档记录为「百度图搜来源，毕设展示用」，非自由许可图库，正式上线前需替换或取得授权。","unverified"
515,"food","生鱼片 · 配图","/images/food/raw-fish-slices-53.webp","来源待核","文档记录为「百度图搜来源，毕设展示用」，非自由许可图库，正式上线前需替换或取得授权。","unverified"
516,"food","鹿奶 · 配图","/images/food/reindeer-milk-45.webp","来源待核","文档记录为「百度图搜来源，毕设展示用」，非自由许可图库，正式上线前需替换或取得授权。","unverified"
517,"food","狍肉干 · 配图","/images/food/roe-deer-jerky-52.webp","来源待核","文档记录为「百度图搜来源，毕设展示用」，非自由许可图库，正式上线前需替换或取得授权。","unverified"
518,"food","乳扇 · 配图","/images/food/rushan-milk-fan-14.webp","来源待核","文档记录为「百度图搜来源，毕设展示用」，非自由许可图库，正式上线前需替换或取得授权。","unverified"
519,"food","列巴 · 配图","/images/food/russian-bread-44.webp","来源待核","文档记录为「百度图搜来源，毕设展示用」，非自由许可图库，正式上线前需替换或取得授权。","unverified"
520,"food","萨其马 · 配图","/images/food/sachima-11.webp","来源待核","文档记录为「百度图搜来源，毕设展示用」，非自由许可图库，正式上线前需替换或取得授权。","unverified"
521,"food","撒拉大饼 · 配图","/images/food/salar-flatbread-35.webp","来源待核","文档记录为「百度图搜来源，毕设展示用」，非自由许可图库，正式上线前需替换或取得授权。","unverified"
522,"food","咸奶茶 · 备选图","/images/food/salted-milk-tea-2.webp","来源待核","文档记录为「百度图搜来源，毕设展示用」，非自由许可图库，正式上线前需替换或取得授权。","unverified"
523,"food","烤包子 · 配图","/images/food/samsa-43.webp","来源待核","文档记录为「百度图搜来源，毕设展示用」，非自由许可图库，正式上线前需替换或取得授权。","unverified"
524,"food","三幺台 · 配图","/images/food/sanyaotai-feast-37.webp","来源待核","文档记录为「百度图搜来源，毕设展示用」，非自由许可图库，正式上线前需替换或取得授权。","unverified"
525,"food","馓子 · 配图","/images/food/sanzi-fried-noodle-crisps-3.webp","来源待核","文档记录为「百度图搜来源，毕设展示用」，非自由许可图库，正式上线前需替换或取得授权。","unverified"
526,"food","山兰酒 · 配图","/images/food/shanlan-wine-19.webp","来源待核","文档记录为「百度图搜来源，毕设展示用」，非自由许可图库，正式上线前需替换或取得授权。","unverified"
527,"food","烧壳子 · 配图","/images/food/shaokezi-baked-bun-48.webp","来源待核","文档记录为「百度图搜来源，毕设展示用」，非自由许可图库，正式上线前需替换或取得授权。","unverified"
528,"food","生皮 · 配图","/images/food/shengpi-raw-pork-14.webp","来源待核","文档记录为「百度图搜来源，毕设展示用」，非自由许可图库，正式上线前需替换或取得授权。","unverified"
529,"food","姊妹饭 · 配图","/images/food/sisters-rice-6.webp","来源待核","文档记录为「百度图搜来源，毕设展示用」，非自由许可图库，正式上线前需替换或取得授权。","unverified"
530,"food","酸蚂蚁蛋 · 配图","/images/food/sour-ant-eggs-56.webp","来源待核","文档记录为「百度图搜来源，毕设展示用」，非自由许可图库，正式上线前需替换或取得授权。","unverified"
531,"food","酸笋 · 配图","/images/food/sour-bamboo-shoots-18.webp","来源待核","文档记录为「百度图搜来源，毕设展示用」，非自由许可图库，正式上线前需替换或取得授权。","unverified"
532,"food","酸笋 · 配图","/images/food/sour-bamboo-shoots-39.webp","来源待核","文档记录为「百度图搜来源，毕设展示用」，非自由许可图库，正式上线前需替换或取得授权。","unverified"
533,"food","酸肉 · 配图","/images/food/sour-meat-36.webp","来源待核","文档记录为「百度图搜来源，毕设展示用」，非自由许可图库，正式上线前需替换或取得授权。","unverified"
534,"food","盐酸菜 · 配图","/images/food/sour-mustard-yansuan-9.webp","来源待核","文档记录为「百度图搜来源，毕设展示用」，非自由许可图库，正式上线前需替换或取得授权。","unverified"
535,"food","酸汤 · 配图","/images/food/sour-soup-25.webp","来源待核","文档记录为「百度图搜来源，毕设展示用」，非自由许可图库，正式上线前需替换或取得授权。","unverified"
536,"food","酸汤鱼 · 配图","/images/food/sour-soup-fish-6.webp","来源待核","文档记录为「百度图搜来源，毕设展示用」，非自由许可图库，正式上线前需替换或取得授权。","unverified"
537,"food","酸茶 · 配图","/images/food/sour-tea-34.webp","来源待核","文档记录为「百度图搜来源，毕设展示用」，非自由许可图库，正式上线前需替换或取得授权。","unverified"
538,"food","酸茶 · 配图","/images/food/sour-tea-46.webp","来源待核","文档记录为「百度图搜来源，毕设展示用」，非自由许可图库，正式上线前需替换或取得授权。","unverified"
539,"food","糯米饭 · 配图","/images/food/sticky-rice-32.webp","来源待核","文档记录为「百度图搜来源，毕设展示用」，非自由许可图库，正式上线前需替换或取得授权。","unverified"
540,"food","炒鱼毛 · 配图","/images/food/stir-fried-fish-floss-53.webp","来源待核","文档记录为「百度图搜来源，毕设展示用」，非自由许可图库，正式上线前需替换或取得授权。","unverified"
541,"food","石板粑粑 · 配图","/images/food/stone-grilled-cake-42.webp","来源待核","文档记录为「百度图搜来源，毕设展示用」，非自由许可图库，正式上线前需替换或取得授权。","unverified"
542,"food","酿豆腐 · 配图","/images/food/stuffed-tofu-13.webp","来源待核","文档记录为「百度图搜来源，毕设展示用」，非自由许可图库，正式上线前需替换或取得授权。","unverified"
543,"food","苏里玛酒 · 配图","/images/food/surima-wine-40.webp","来源待核","文档记录为「百度图搜来源，毕设展示用」，非自由许可图库，正式上线前需替换或取得授权。","unverified"
544,"food","塔塔尔糕点 · 配图","/images/food/tatar-pastries-50.webp","来源待核","文档记录为「百度图搜来源，毕设展示用」，非自由许可图库，正式上线前需替换或取得授权。","unverified"
545,"food","三道茶 · 配图","/images/food/three-course-tea-14.webp","来源待核","文档记录为「百度图搜来源，毕设展示用」，非自由许可图库，正式上线前需替换或取得授权。","unverified"
546,"food","豆腐圆 · 配图","/images/food/tofu-balls-32.webp","来源待核","文档记录为「百度图搜来源，毕设展示用」，非自由许可图库，正式上线前需替换或取得授权。","unverified"
547,"food","糌粑 · 配图","/images/food/tsampa-4.webp","来源待核","文档记录为「百度图搜来源，毕设展示用」，非自由许可图库，正式上线前需替换或取得授权。","unverified"
548,"food","糌粑 · 配图","/images/food/tsampa-40.webp","来源待核","文档记录为「百度图搜来源，毕设展示用」，非自由许可图库，正式上线前需替换或取得授权。","unverified"
549,"food","打糕 · 配图","/images/food/tteok-rice-cake-10.webp","来源待核","文档记录为「百度图搜来源，毕设展示用」，非自由许可图库，正式上线前需替换或取得授权。","unverified"
550,"food","土家腊肉 · 配图","/images/food/tujia-smoked-pork-15.webp","来源待核","文档记录为「百度图搜来源，毕设展示用」，非自由许可图库，正式上线前需替换或取得授权。","unverified"
551,"food","坨坨肉 · 配图","/images/food/tuotuo-meat-7.webp","来源待核","文档记录为「百度图搜来源，毕设展示用」，非自由许可图库，正式上线前需替换或取得授权。","unverified"
552,"food","佤族苦茶 · 配图","/images/food/wa-bitter-tea-21.webp","来源待核","文档记录为「百度图搜来源，毕设展示用」，非自由许可图库，正式上线前需替换或取得授权。","unverified"
553,"food","佤族水酒 · 配图","/images/food/wa-water-wine-21.webp","来源待核","文档记录为「百度图搜来源，毕设展示用」，非自由许可图库，正式上线前需替换或取得授权。","unverified"
554,"food","白肉血肠 · 配图","/images/food/white-meat-and-blood-sausage-11.webp","来源待核","文档记录为「百度图搜来源，毕设展示用」，非自由许可图库，正式上线前需替换或取得授权。","unverified"
555,"food","全羊宴 · 配图","/images/food/whole-lamb-feast-38.webp","来源待核","文档记录为「百度图搜来源，毕设展示用」，非自由许可图库，正式上线前需替换或取得授权。","unverified"
556,"food","全羊席 · 配图","/images/food/whole-lamb-feast-47.webp","来源待核","文档记录为「百度图搜来源，毕设展示用」，非自由许可图库，正式上线前需替换或取得授权。","unverified"
557,"food","风吹饼 · 配图","/images/food/wind-blown-cake-49.webp","来源待核","文档记录为「百度图搜来源，毕设展示用」，非自由许可图库，正式上线前需替换或取得授权。","unverified"
558,"food","柳蒿芽 · 配图","/images/food/wormwood-sprout-52.webp","来源待核","文档记录为「百度图搜来源，毕设展示用」，非自由许可图库，正式上线前需替换或取得授权。","unverified"
559,"food","柳蒿芽汤 · 配图","/images/food/wormwood-sprout-soup-31.webp","来源待核","文档记录为「百度图搜来源，毕设展示用」，非自由许可图库，正式上线前需替换或取得授权。","unverified"
560,"food","锡伯大饼 · 配图","/images/food/xibe-flatbread-38.webp","来源待核","文档记录为「百度图搜来源，毕设展示用」，非自由许可图库，正式上线前需替换或取得授权。","unverified"
561,"food","牦牛肉 · 配图","/images/food/yak-meat-4.webp","来源待核","文档记录为「百度图搜来源，毕设展示用」，非自由许可图库，正式上线前需替换或取得授权。","unverified"
562,"food","瑶家油茶 · 配图","/images/food/yao-oil-tea-13.webp","来源待核","文档记录为「百度图搜来源，毕设展示用」，非自由许可图库，正式上线前需替换或取得授权。","unverified"
563,"food","瑶山腊肉 · 配图","/images/food/yao-smoked-pork-13.webp","来源待核","文档记录为「百度图搜来源，毕设展示用」，非自由许可图库，正式上线前需替换或取得授权。","unverified"
564,"food","酸奶 · 配图","/images/food/yogurt-41.webp","来源待核","文档记录为「百度图搜来源，毕设展示用」，非自由许可图库，正式上线前需替换或取得授权。","unverified"
565,"food","油香 · 配图","/images/food/youxiang-fried-dough-3.webp","来源待核","文档记录为「百度图搜来源，毕设展示用」，非自由许可图库，正式上线前需替换或取得授权。","unverified"
566,"food","咂酒 · 配图","/images/food/zajiu-sip-wine-33.webp","来源待核","文档记录为「百度图搜来源，毕设展示用」，非自由许可图库，正式上线前需替换或取得授权。","unverified"
567,"food","猪膘肉 · 配图","/images/food/zhupiao-meat-40.webp","来源待核","文档记录为「百度图搜来源，毕设展示用」，非自由许可图库，正式上线前需替换或取得授权。","unverified"
568,"placeholders","placeholder","/images/placeholders/placeholder.webp","项目内置","占位图，取材自站内已有图片。","unverified"
569,"topic","民族服饰 · 配图","/images/topic/ethnic-costume.webp","来源待核","专题封面；采集时的具体来源未记录在案，需核对。","unverified"
570,"topic","民族美食 · 配图","/images/topic/ethnic-cuisine.webp","来源待核","专题封面；采集时的具体来源未记录在案，需核对。","unverified"
571,"topic","民族团结 · 配图","/images/topic/ethnic-unity.webp","来源待核","专题封面；采集时的具体来源未记录在案，需核对。","unverified"
572,"topic","节日盛宴 · 配图","/images/topic/festival-feast.webp","来源待核","专题封面；采集时的具体来源未记录在案，需核对。","unverified"
573,"topic","非遗传承 · 配图","/images/topic/intangible-heritage.webp","来源待核","专题封面；采集时的具体来源未记录在案，需核对。","unverified"
574,"topic","认识 56 个民族 · 配图","/images/topic/meet-56-ethnic-groups.webp","来源待核","专题封面；采集时的具体来源未记录在案，需核对。","unverified"
